time,poisson_intensity,hawkes_intensity,poisson_cumulative_jumps,hawkes_cumulative_jumps
0.0,1.732080307932221,1.732080307932221,0.0,0.0
0.008333333333333333,1.732080307932221,1.732080307932221,0.0,0.0
0.016666666666666666,1.732080307932221,1.732080307932221,0.0,0.0
0.025,1.732080307932221,1.732080307932221,0.0,0.0
0.03333333333333333,1.732080307932221,1.732080307932221,0.0,0.0
0.041666666666666664,1.732080307932221,1.732080307932221,0.0,0.0
0.05,1.732080307932221,1.732080307932221,0.0,0.0
0.058333333333333334,1.732080307932221,1.732080307932221,0.0,0.0
0.06666666666666667,1.732080307932221,1.732080307932221,0.0,0.0
0.075,1.732080307932221,1.732080307932221,0.0,0.0
0.08333333333333333,1.732080307932221,1.732080307932221,0.0,0.0
0.09166666666666666,1.732080307932221,1.732080307932221,0.0,0.0
0.1,1.732080307932221,1.732080307932221,0.0,0.0
0.10833333333333334,1.732080307932221,1.732080307932221,0.0,0.0
0.11666666666666667,1.732080307932221,1.9613493669223723,0.0,1.0
0.125,1.732080307932221,1.9404611692495561,0.0,1.0
0.13333333333333333,1.732080307932221,1.9214760491395846,0.0,1.0
0.14166666666666666,1.732080307932221,1.9042206213982473,1.0,1.0
0.15,1.732080307932221,1.8885372975734946,1.0,1.0
0.15833333333333333,1.732080307932221,1.8742828467491424,1.0,1.0
0.16666666666666666,1.732080307932221,1.861327087461485,1.0,1.0
0.175,1.732080307932221,1.849551698792497,1.0,1.0
0.18333333333333332,1.732080307932221,1.8388491397817082,1.0,1.0
0.19166666666666665,1.732080307932221,1.8291216672880755,1.0,1.0
0.2,1.732080307932221,1.820280443332291,1.0,1.0
0.20833333333333334,1.732080307932221,1.8122447237671624,1.0,1.0
0.21666666666666667,1.732080307932221,1.8049411208664412,1.0,1.0
0.225,1.732080307932221,1.7983029330975568,1.0,1.0
0.23333333333333334,1.732080307932221,1.7922695359572747,1.0,1.0
0.24166666666666667,1.732080307932221,1.786785828306974,1.0,1.0
0.25,1.732080307932221,1.7818017291510944,1.0,1.0
0.2583333333333333,1.732080307932221,1.777271720262988,1.0,1.0
0.26666666666666666,1.732080307932221,1.7731544304811193,1.0,1.0
0.275,1.732080307932221,1.7694122578791212,1.0,1.0
0.2833333333333333,1.732080307932221,1.7660110263591016,1.0,1.0
0.2916666666666667,1.732080307932221,1.7629196735319772,1.0,1.0
0.3,1.732080307932221,1.7601099670343394,1.0,1.0
0.30833333333333335,1.732080307932221,1.7575562466910644,2.0,1.0
0.31666666666666665,1.732080307932221,1.7552351901689187,2.0,1.0
0.325,1.732080307932221,1.7531255999809479,2.0,1.0
0.3333333333333333,1.732080307932221,1.7512082098964235,2.0,1.0
0.3416666666666667,1.732080307932221,1.7494655089883533,2.0,1.0
0.35,1.732080307932221,1.7478815817116344,2.0,1.0
0.35833333333333334,1.732080307932221,1.7464419625513323,2.0,1.0
0.36666666666666664,1.732080307932221,1.7451335039136338,2.0,1.0
0.375,1.732080307932221,1.743944256052964,3.0,1.0
0.3833333333333333,1.732080307932221,1.74286335793868,3.0,1.0
0.39166666666666666,1.732080307932221,1.7418809380646558,3.0,1.0
0.4,1.732080307932221,1.7409880242958893,3.0,1.0
0.4083333333333333,1.732080307932221,1.7401764619287856,3.0,1.0
0.4166666666666667,1.732080307932221,1.7394388392167865,3.0,1.0
0.425,1.732080307932221,1.7387684196811954,3.0,1.0
0.43333333333333335,1.732080307932221,1.7381590805890135,3.0,1.0
0.44166666666666665,1.732080307932221,1.7376052570359248,3.0,1.0
0.45,1.732080307932221,1.737101891123757,3.0,1.0
0.4583333333333333,1.732080307932221,1.7366443857682707,3.0,1.0
0.4666666666666667,1.732080307932221,1.73622856271542,3.0,1.0
0.475,1.732080307932221,1.735850624382658,3.0,1.0
0.48333333333333334,1.732080307932221,1.7355071191767977,3.0,1.0
0.49166666666666664,1.732080307932221,1.7351949099716855,3.0,1.0
0.5,1.732080307932221,1.7349111454578037,3.0,1.0
0.5083333333333333,1.732080307932221,1.7346532341021483,3.0,1.0
0.5166666666666666,1.732080307932221,1.7344188204805644,3.0,1.0
0.525,1.732080307932221,1.7342057637663906,3.0,1.0
0.5333333333333333,1.732080307932221,1.734012118178955,3.0,1.0
0.5416666666666666,1.732080307932221,1.7338361152133657,3.0,1.0
0.55,1.732080307932221,1.733676147489306,3.0,1.0
0.5583333333333333,1.732080307932221,1.7335307540713312,3.0,1.0
0.5666666666666667,1.732080307932221,1.7333986071265974,3.0,1.0
0.575,1.732080307932221,1.73327849979818,3.0,1.0
0.5833333333333334,1.732080307932221,1.7331693351832236,3.0,1.0
0.5916666666666667,1.732080307932221,1.7330701163152689,3.0,1.0
0.6,1.732080307932221,1.7329799370592698,3.0,1.0
0.6083333333333333,1.732080307932221,1.7328979738361432,3.0,1.0
0.6166666666666667,1.732080307932221,1.7328234781012775,3.0,1.0
0.625,1.732080307932221,1.7327557695083073,3.0,1.0
0.6333333333333333,1.732080307932221,1.7326942296957228,3.0,1.0
0.6416666666666666,1.732080307932221,1.7326382966395653,3.0,1.0
0.65,1.732080307932221,1.9618565185107895,3.0,2.0
0.6583333333333333,1.732080307932221,1.9409221153766887,3.0,2.0
0.6666666666666666,1.732080307932221,1.9218949994829753,3.0,2.0
0.675,1.732080307932221,1.9046014021010143,3.0,2.0
0.6833333333333333,1.732080307932221,1.8888833861873053,3.0,2.0
0.6916666666666667,1.732080307932221,1.8745974039936115,3.0,2.0
0.7,1.732080307932221,1.861612986090043,3.0,2.0
0.7083333333333334,1.732080307932221,1.8498115498283534,3.0,2.0
0.7166666666666667,1.732080307932221,1.8390853163635135,3.0,2.0
0.725,1.732080307932221,1.829336326343058,3.0,2.0
0.7333333333333333,1.732080307932221,1.820475545274803,3.0,2.0
0.7416666666666667,1.732080307932221,1.812422050402533,3.0,2.0
0.75,1.732080307932221,1.8051022916636512,3.0,2.0
0.7583333333333333,1.732080307932221,1.7984494199793444,3.0,2.0
0.7666666666666666,1.732080307932221,1.7924026767427477,3.0,2.0
0.775,1.732080307932221,1.7869068389294955,3.0,2.0
0.7833333333333333,1.732080307932221,1.7819117147630241,3.0,2.0
0.7916666666666666,1.732080307932221,1.7773716853286945,3.0,2.0
0.8,1.732080307932221,1.7732452879504408,3.0,2.0
0.8083333333333333,1.732080307932221,1.769494837525052,3.0,2.0
0.8166666666666667,1.732080307932221,1.7660860823558513,3.0,2.0
0.825,1.732080307932221,1.7629878913426082,3.0,2.0
0.8333333333333334,1.732080307932221,1.7601719696708882,3.0,2.0
0.8416666666666667,1.732080307932221,1.7576126004043167,3.0,2.0
0.85,1.732080307932221,1.7552864096198018,3.0,2.0
0.8583333333333333,1.732080307932221,1.7531721529407682,3.0,2.0
0.8666666666666667,1.732080307932221,1.751250521518877,3.0,2.0
0.875,1.732080307932221,1.7495039656923213,3.0,2.0
0.8833333333333333,1.732080307932221,1.7479165347102275,3.0,2.0
0.8916666666666666,1.732080307932221,1.7464737310594096,4.0,2.0
0.9,1.732080307932221,1.745162378063094,4.0,2.0
0.9083333333333333,1.732080307932221,1.7439704995424297,4.0,2.0
0.9166666666666666,1.732080307932221,1.7428872104417736,4.0,2.0
0.9249999999999999,1.732080307932221,1.7419026174188657,4.0,2.0
0.9333333333333333,1.732080307932221,1.7410077284920114,4.0,2.0
0.9416666666666667,1.732080307932221,1.7401943709191114,4.0,2.0
0.95,1.732080307932221,1.739455116558552,4.0,2.0
0.9583333333333334,1.732080307932221,1.7387832140302975,4.0,2.0
0.9666666666666667,1.732080307932221,1.738172527057639,4.0,2.0
0.975,1.732080307932221,1.7376174784264875,4.0,2.0
0.9833333333333333,1.732080307932221,1.737112999050414,4.0,2.0
0.9916666666666667,1.732080307932221,1.7366544816762595,4.0,2.0
1.0,1.732080307932221,1.7362377388075265,4.0,2.0
1.0083333333333333,1.732080307932221,1.735858964461276,4.0,2.0
1.0166666666666666,1.732080307932221,1.7355146994092703,4.0,2.0
1.025,1.732080307932221,1.7352017995859168,4.0,2.0
1.0333333333333332,1.732080307932221,1.7349174073744966,4.0,2.0
1.0416666666666667,1.732080307932221,1.7346589255094393,4.0,2.0
1.05,1.732080307932221,1.7344239933563055,5.0,2.0
1.0583333333333333,1.732080307932221,1.734210465352846,5.0,2.0
1.0666666666666667,1.732080307932221,1.7340163914142508,5.0,2.0
1.075,1.732080307932221,1.7338399991236302,5.0,2.0
1.0833333333333333,1.732080307932221,1.7336796775450833,5.0,2.0
1.0916666666666666,1.732080307932221,1.7335339625115218,5.0,2.0
1.1,1.732080307932221,1.7334015232528874,5.0,2.0
1.1083333333333334,1.732080307932221,1.7332811502426435,5.0,2.0
1.1166666666666667,1.732080307932221,1.7331717441515448,5.0,2.0
1.125,1.732080307932221,1.7330723058078061,5.0,2.0
1.1333333333333333,1.732080307932221,1.732981927071977,5.0,2.0
1.1416666666666666,1.732080307932221,1.7328997825431873,5.0,2.0
1.15,1.732080307932221,1.732825122021017,5.0,2.0
1.1583333333333332,1.732080307932221,1.7327572636541497,5.0,2.0
1.1666666666666667,1.732080307932221,1.732695587713237,5.0,2.0
1.175,1.732080307932221,1.7326395309311027,5.0,2.0
1.1833333333333333,1.732080307932221,1.7325885813585993,5.0,2.0
1.1916666666666667,1.732080307932221,1.7325422736891354,5.0,2.0
1.2,1.732080307932221,1.7325001850091757,5.0,2.0
1.2083333333333333,1.732080307932221,1.7324619309359033,5.0,2.0
1.2166666666666666,1.732080307932221,1.7324271621067706,5.0,2.0
1.225,1.732080307932221,1.7323955609888808,6.0,2.0
1.2333333333333334,1.732080307932221,1.7323668389790576,6.0,2.0
1.2416666666666667,1.732080307932221,1.732340733768123,6.0,2.0
1.25,1.732080307932221,1.7323170069453087,6.0,2.0
1.2583333333333333,1.732080307932221,1.7322954418209255,6.0,2.0
1.2666666666666666,1.732080307932221,1.7322758414474029,6.0,2.0
1.275,1.732080307932221,1.7322580268206287,6.0,2.0
1.2833333333333332,1.732080307932221,1.73224183524516,6.0,2.0
1.2916666666666667,1.732080307932221,1.7322271188483769,6.0,2.0
1.3,1.732080307932221,1.7322137432300064,6.0,2.0
1.3083333333333333,1.732080307932221,1.7322015862346887,6.0,2.0
1.3166666666666667,1.732080307932221,1.7321905368363681,6.0,2.0
1.325,1.732080307932221,1.7321804941243284,6.0,2.0
1.3333333333333333,1.732080307932221,1.7321713663816054,6.0,2.0
1.3416666666666666,1.732080307932221,1.7321630702473652,7.0,2.0
1.35,1.732080307932221,1.7321555299555953,7.0,2.0
1.3583333333333334,1.732080307932221,1.7321486766431575,7.0,2.0
1.3666666666666667,1.732080307932221,1.7321424477208818,7.0,2.0
1.375,1.732080307932221,1.7321367863019594,7.0,2.0
1.3833333333333333,1.732080307932221,1.732131640682413,7.0,2.0
1.3916666666666666,1.732080307932221,1.7321269638689003,7.0,2.0
1.4,1.732080307932221,1.7321227131495391,7.0,2.0
1.4083333333333332,1.732080307932221,1.7321188497038322,7.0,2.0
1.4166666666666667,1.732080307932221,1.732115338248132,7.0,2.0
1.425,1.732080307932221,1.7321121467134064,7.0,2.0
1.4333333333333333,1.732080307932221,1.7321092459523617,7.0,2.0
1.4416666666666667,1.732080307932221,1.73210660947325,7.0,2.0
1.45,1.732080307932221,1.7321042131979283,7.0,2.0
1.4583333333333333,1.732080307932221,1.7321020352419594,7.0,2.0
1.4666666666666666,1.732080307932221,1.7321000557147492,7.0,2.0
1.475,1.732080307932221,1.7320982565378917,7.0,2.0
1.4833333333333334,1.732080307932221,1.7320966212800648,7.0,2.0
1.4916666666666667,1.732080307932221,1.7320951350069673,7.0,2.0
1.5,1.732080307932221,1.7320937841449295,7.0,2.0
1.5083333333333333,1.732080307932221,1.732092556356949,7.0,2.0
1.5166666666666666,1.732080307932221,1.73209144043002,7.0,2.0
1.525,1.732080307932221,1.7320904261727292,7.0,2.0
1.5333333333333332,1.732080307932221,1.7320895043221805,7.0,2.0
1.5416666666666667,1.732080307932221,1.7320886664593995,7.0,2.0
1.55,1.732080307932221,1.7320879049324462,7.0,2.0
1.5583333333333333,1.732080307932221,1.732087212786532,7.0,2.0
1.5666666666666667,1.732080307932221,1.7320865837005037,7.0,2.0
1.575,1.732080307932221,1.7320860119291142,7.0,2.0
1.5833333333333333,1.732080307932221,1.7320854922505533,7.0,2.0
1.5916666666666666,1.732080307932221,1.7320850199187585,7.0,2.0
1.6,1.732080307932221,1.7320845906200706,7.0,2.0
1.6083333333333334,1.732080307932221,1.732084200433838,7.0,2.0
1.6166666666666667,1.732080307932221,1.7320838457966115,7.0,2.0
1.625,1.732080307932221,1.7320835234695995,7.0,2.0
1.6333333333333333,1.732080307932221,1.7320832305090899,7.0,2.0
1.6416666666666666,1.732080307932221,1.7320829642395652,7.0,2.0
1.65,1.732080307932221,1.732082722229269,7.0,2.0
1.6583333333333332,1.732080307932221,1.7320825022679964,7.0,2.0
1.6666666666666667,1.732080307932221,1.7320823023469096,7.0,2.0
1.675,1.732080307932221,1.7320821206401915,7.0,2.0
1.6833333333333333,1.732080307932221,1.7320819554883713,7.0,2.0
1.6916666666666667,1.732080307932221,1.96135086437332,7.0,3.0
1.7,1.732080307932221,1.9404625302710548,7.0,3.0
1.7083333333333333,1.732080307932221,1.92147728616142,7.0,3.0
1.7166666666666666,1.732080307932221,1.904221745717755,7.0,3.0
1.7249999999999999,1.732080307932221,1.8885383194587348,7.0,3.0
1.7333333333333334,1.732080307932221,1.874283775532675,7.0,3.0
1.7416666666666667,1.732080307932221,1.8613279316256008,7.0,3.0
1.75,1.732080307932221,1.8495524660466844,7.0,3.0
1.7583333333333333,1.732080307932221,1.838849837133061,7.0,3.0
1.7666666666666666,1.732080307932221,1.8291223011052866,7.0,3.0
1.775,1.732080307932221,1.8202810194038157,7.0,3.0
1.7833333333333332,1.732080307932221,1.8122452473540824,7.0,3.0
1.7916666666666667,1.732080307932221,1.8049415967505131,7.0,3.0
1.8,1.732080307932221,1.7983033656248817,7.0,3.0
1.8083333333333333,1.732080307932221,1.7922699290779902,7.0,3.0
1.8166666666666667,1.732080307932221,1.7867861856113292,7.0,3.0
1.825,1.732080307932221,1.7818020539022388,7.0,3.0
1.8333333333333333,1.732080307932221,1.7772720154267727,7.0,3.0
1.8416666666666666,1.732080307932221,1.7731546987531834,7.0,3.0
1.8499999999999999,1.732080307932221,1.76941250170951,7.0,3.0
1.8583333333333334,1.732080307932221,1.7660112479746422,7.0,3.0
1.8666666666666667,1.732080307932221,1.7629198749566153,7.0,3.0
1.875,1.732080307932221,1.7601101501076235,7.0,3.0
1.8833333333333333,1.732080307932221,1.7575564130849457,7.0,3.0
1.8916666666666666,1.732080307932221,1.755235341403021,7.0,3.0
1.9,1.732080307932221,1.753125737436445,7.0,3.0
1.9083333333333332,1.732080307932221,1.7512083348286538,7.0,3.0
1.9166666666666667,1.732080307932221,1.749465622538284,7.0,3.0
1.925,1.732080307932221,1.747881684916282,7.0,3.0
1.9333333333333333,1.732080307932221,1.7464420563532321,7.0,3.0
1.9416666666666667,1.732080307932221,1.7451335891694495,7.0,3.0
1.95,1.732080307932221,1.7439443335413107,7.0,3.0
1.9583333333333333,1.732080307932221,1.7428634283672346,7.0,3.0
1.9666666666666666,1.732080307932221,1.7418810020766202,7.0,3.0
1.9749999999999999,1.732080307932221,1.740988082475865,7.0,3.0
1.9833333333333334,1.732080307932221,1.7401765148081123,7.0,3.0
1.9916666666666667,1.732080307932221,1.7394388872783946,7.0,3.0
2.0,1.732080307932221,1.7387684633640164,7.0,3.0
2.0083333333333333,1.732080307932221,1.738159120291989,7.0,3.0
2.0166666666666666,1.732080307932221,1.7376052931216501,7.0,3.0
2.025,1.732080307932221,1.7371019239217917,7.0,3.0
2.033333333333333,1.732080307932221,1.7366444155781489,7.0,3.0
2.0416666666666665,1.732080307932221,1.7362285898093859,7.0,3.0
2.05,1.732080307932221,1.7358506490081524,7.0,3.0
2.058333333333333,1.732080307932221,1.7355071415587178,7.0,3.0
2.0666666666666664,1.732080307932221,1.7351949303144383,7.0,3.0
2.075,1.732080307932221,1.734911163947173,7.0,3.0
2.0833333333333335,1.732080307932221,1.734653250906992,7.0,3.0
2.091666666666667,1.732080307932221,1.734418835754356,7.0,3.0
2.1,1.732080307932221,1.7342057776486208,7.0,3.0
2.1083333333333334,1.732080307932221,1.7340121307964058,7.0,3.0
2.1166666666666667,1.732080307932221,1.9631051856714197,7.0,4.0
2.125,1.732080307932221,1.9420570192297288,7.0,4.0
2.1333333333333333,1.732080307932221,1.9229265047521578,7.0,4.0
2.1416666666666666,1.732080307932221,1.9055389292029807,7.0,4.0
2.15,1.732080307932221,1.8897354972653402,7.0,4.0
2.158333333333333,1.732080307932221,1.875371881113032,7.0,4.0
2.1666666666666665,1.732080307932221,1.8623169023093804,7.0,4.0
2.175,1.732080307932221,1.8504513337953956,7.0,4.0
2.183333333333333,1.732080307932221,1.8396668110261447,7.0,4.0
2.1916666666666664,1.732080307932221,1.8298648423110837,7.0,4.0
2.2,1.732080307932221,1.8209559093200964,7.0,4.0
2.2083333333333335,1.732080307932221,1.8128586495404413,7.0,4.0
2.216666666666667,1.732080307932221,1.8054991132182407,7.0,4.0
2.225,1.732080307932221,1.7988100879983908,7.0,4.0
2.2333333333333334,1.732080307932221,1.7927304850950372,7.0,4.0
2.2416666666666667,1.732080307932221,1.7872047813867027,7.0,4.0
2.25,1.732080307932221,1.7821825123408974,7.0,4.0
2.2583333333333333,1.732080307932221,1.7776178111372465,7.0,4.0
2.2666666666666666,1.732080307932221,1.773468989780092,7.0,4.0
2.275,1.732080307932221,1.9989672173651525,7.0,5.0
2.283333333333333,1.732080307932221,2.2039207993996386,7.0,6.0
2.2916666666666665,1.732080307932221,2.1609324541810477,7.0,6.0
2.3,1.732080307932221,2.35112974115489,7.0,7.0
2.308333333333333,1.732080307932221,2.2947295143325026,7.0,7.0
2.3166666666666664,1.732080307932221,2.2434677876280413,7.0,7.0
2.325,1.732080307932221,2.1968764036430426,7.0,7.0
2.3333333333333335,1.732080307932221,2.154529857765791,7.0,7.0
2.341666666666667,1.732080307932221,2.1160414121701083,7.0,7.0
2.35,1.732080307932221,2.081059563859132,7.0,7.0
2.3583333333333334,1.732080307932221,2.049264834497824,7.0,7.0
2.3666666666666667,1.732080307932221,2.0203668527167524,7.0,7.0
2.375,1.732080307932221,1.9941017022407297,7.0,7.0
2.3833333333333333,1.732080307932221,1.9702295116235993,7.0,7.0
2.3916666666666666,1.732080307932221,1.9485322635769584,7.0,7.0
2.4,1.732080307932221,1.9288118038861062,7.0,7.0
2.408333333333333,1.732080307932221,1.9108880317292618,7.0,7.0
2.4166666666666665,1.732080307932221,1.894597254872803,7.0,7.0
2.425,1.732080307932221,2.109059753711184,7.0,8.0
2.433333333333333,1.732080307932221,2.074713988884898,7.0,8.0
2.4416666666666664,1.732080307932221,2.0434973908466447,7.0,8.0
2.45,1.732080307932221,2.0151248681204637,7.0,8.0
2.4583333333333335,1.732080307932221,1.9893373032852049,7.0,8.0
2.466666666666667,1.732080307932221,1.9658991865357542,7.0,8.0
2.475,1.732080307932221,1.9445964648452683,7.0,8.0
2.4833333333333334,1.732080307932221,2.15450364607564,7.0,9.0
2.4916666666666667,1.732080307932221,2.1160175885691643,7.0,9.0
2.5,1.732080307932221,2.081037910773861,7.0,9.0
2.5083333333333333,1.732080307932221,2.0492451541773358,7.0,9.0
2.5166666666666666,1.732080307932221,2.0203489654268036,7.0,9.0
2.525,1.732080307932221,1.994085444622268,7.0,9.0
2.533333333333333,1.732080307932221,1.970214735200854,8.0,9.0
2.5416666666666665,1.732080307932221,1.948518833401459,8.0,9.0
2.55,1.732080307932221,1.9287995973042389,8.0,9.0
2.558333333333333,1.732080307932221,1.9108769372621128,8.0,9.0
2.5666666666666664,1.732080307932221,1.894587171198056,8.0,9.0
2.575,1.732080307932221,1.8797815297476244,8.0,9.0
2.5833333333333335,1.732080307932221,1.8663247975946429,8.0,9.0
2.591666666666667,1.732080307932221,1.854094078591799,8.0,9.0
2.6,1.732080307932221,1.842977673388372,8.0,9.0
2.6083333333333334,1.732080307932221,1.8328740593148214,8.0,9.0
2.6166666666666667,1.732080307932221,1.823690963207837,8.0,9.0
2.625,1.732080307932221,1.8153445187082524,8.0,9.0
2.6333333333333333,1.732080307932221,1.807758500335684,8.0,9.0
2.6416666666666666,1.732080307932221,1.8008636273449379,8.0,9.0
2.65,1.732080307932221,1.7945969310065235,9.0,9.0
2.658333333333333,1.732080307932221,1.788901179532841,9.0,9.0
2.6666666666666665,1.732080307932221,1.7837243553980742,9.0,9.0
2.675,1.732080307932221,1.779019180278315,9.0,9.0
2.683333333333333,1.732080307932221,1.7747426832733424,9.0,9.0
2.6916666666666664,1.732080307932221,1.770855808466762,9.0,9.0
2.7,1.732080307932221,1.7673230582404758,9.0,9.0
2.7083333333333335,1.732080307932221,1.7641121690859818,9.0,9.0
2.716666666666667,1.732080307932221,1.7611938169517904,9.0,9.0
2.725,1.732080307932221,1.7585413494359876,9.0,9.0
2.7333333333333334,1.732080307932221,1.7561305423781413,9.0,9.0
2.7416666666666667,1.732080307932221,1.7539393786275825,9.0,9.0
2.75,1.732080307932221,1.7519478469676197,9.0,9.0
2.7583333333333333,1.732080307932221,1.7501377593593235,9.0,9.0
2.7666666666666666,1.732080307932221,1.748492584835827,9.0,9.0
2.775,1.732080307932221,1.7469972985301496,9.0,9.0
2.783333333333333,1.732080307932221,1.7456382444577618,9.0,9.0
2.7916666666666665,1.732080307932221,1.7444030108007285,9.0,9.0
2.8,1.732080307932221,1.7432803165544375,9.0,9.0
2.808333333333333,1.732080307932221,1.7422599085016957,9.0,9.0
2.8166666666666664,1.732080307932221,1.7413324675732857,9.0,9.0
2.825,1.732080307932221,1.740489523739808,9.0,9.0
2.8333333333333335,1.732080307932221,1.7397233786575368,9.0,9.0
2.841666666666667,1.732080307932221,1.7390270353618436,9.0,9.0
2.85,1.732080307932221,1.7383941343660954,10.0,9.0
2.8583333333333334,1.732080307932221,1.737818895582443,10.0,9.0
2.8666666666666667,1.732080307932221,1.737296065534077,10.0,9.0
2.875,1.732080307932221,1.7368208693768592,10.0,9.0
2.8833333333333333,1.732080307932221,1.7363889672921562,10.0,9.0
2.8916666666666666,1.732080307932221,1.735996414852627,10.0,9.0
2.9,1.732080307932221,1.735639626998995,10.0,9.0
2.908333333333333,1.732080307932221,1.7353153452988177,10.0,9.0
2.9166666666666665,1.732080307932221,1.7350206081882364,10.0,9.0
2.925,1.732080307932221,1.7347527239249363,10.0,9.0
2.933333333333333,1.732080307932221,1.7345092460053002,10.0,9.0
2.9416666666666664,1.732080307932221,1.7342879508212532,10.0,9.0
2.95,1.732080307932221,1.7340868173527415,10.0,9.0
2.9583333333333335,1.732080307932221,1.7339040087103856,10.0,9.0
2.966666666666667,1.732080307932221,1.733737855359741,10.0,9.0
2.975,1.732080307932221,1.7335868398739591,10.0,9.0
2.9833333333333334,1.732080307932221,1.7334495830756016,10.0,9.0
2.9916666666666667,1.732080307932221,1.73332483144104,10.0,9.0
3.0,1.732080307932221,1.7332114456524161,10.0,9.0
3.0083333333333333,1.732080307932221,1.7331083901926054,10.0,9.0
3.0166666666666666,1.732080307932221,1.733014723888162,10.0,9.0
3.025,1.732080307932221,1.7329295913138743,10.0,9.0
3.033333333333333,1.732080307932221,1.7328522149804328,10.0,9.0
3.0416666666666665,1.732080307932221,1.7327818882338621,10.0,9.0
3.05,1.732080307932221,1.73271796880187,10.0,9.0
3.058333333333333,1.732080307932221,1.7326598729281741,10.0,9.0
3.0666666666666664,1.732080307932221,1.7326070700412384,10.0,9.0
3.075,1.732080307932221,1.7325590779087274,10.0,9.0
3.0833333333333335,1.732080307932221,1.7325154582334292,10.0,9.0
3.091666666666667,1.732080307932221,1.7324758126504227,10.0,9.0
3.1,1.732080307932221,1.7324397790889352,10.0,9.0
3.1083333333333334,1.732080307932221,1.7324070284656623,11.0,9.0
3.1166666666666667,1.732080307932221,1.732377261679353,11.0,9.0
3.125,1.732080307932221,1.7323502068792107,11.0,9.0
3.1333333333333333,1.732080307932221,1.7323256169821646,11.0,9.0
3.1416666666666666,1.732080307932221,1.7323032674163368,11.0,9.0
3.15,1.732080307932221,1.7322829540700975,11.0,9.0
3.158333333333333,1.732080307932221,1.7322644914279763,11.0,9.0
3.1666666666666665,1.732080307932221,1.732247710876408,11.0,9.0
3.175,1.732080307932221,1.7322324591638367,11.0,9.0
3.183333333333333,1.732080307932221,1.7322185970011177,11.0,9.0
3.1916666666666664,1.732080307932221,1.7322059977894324,11.0,9.0
3.2,1.732080307932221,1.732194546464101,12.0,9.0
3.2083333333333335,1.732080307932221,1.7321841384437329,12.0,9.0
3.216666666666667,1.732080307932221,1.7321746786751164,12.0,9.0
3.225,1.732080307932221,1.732166080765129,12.0,9.0
3.2333333333333334,1.732080307932221,1.7321582661917336,12.0,9.0
3.2416666666666667,1.732080307932221,1.7321511635868636,12.0,9.0
3.25,1.732080307932221,1.7321447080846386,12.0,9.0
3.2583333333333333,1.732080307932221,1.7321388407289657,12.0,9.0
3.2666666666666666,1.732080307932221,1.7321335079351114,12.0,9.0
3.275,1.732080307932221,1.732128661000329,12.0,9.0
3.283333333333333,1.732080307932221,1.732124255659071,12.0,9.0
3.2916666666666665,1.732080307932221,1.7321202516787269,12.0,9.0
3.3,1.732080307932221,1.7321166124921898,12.0,9.0
3.308333333333333,1.732080307932221,1.732113304863902,12.0,9.0
3.3166666666666664,1.732080307932221,1.732110298586323,12.0,9.0
3.3249999999999997,1.732080307932221,1.7321075662040557,12.0,9.0
3.3333333333333335,1.732080307932221,1.7321050827631028,12.0,9.0
3.341666666666667,1.732080307932221,1.7321028255829711,12.0,9.0
3.35,1.732080307932221,1.7321007740495367,12.0,9.0
3.3583333333333334,1.732080307932221,1.7320989094267831,12.0,9.0
3.3666666666666667,1.732080307932221,1.732097214685691,12.0,9.0
3.375,1.732080307932221,1.7320956743487173,12.0,9.0
3.3833333333333333,1.732080307932221,1.7320942743484438,12.0,9.0
3.3916666666666666,1.732080307932221,1.7320930018991036,12.0,9.0
3.4,1.732080307932221,1.7320918453798129,12.0,9.0
3.408333333333333,1.732080307932221,1.7320907942284407,12.0,9.0
3.4166666666666665,1.732080307932221,1.7320898388451489,12.0,9.0
3.425,1.732080307932221,1.732088970504719,12.0,9.0
3.433333333333333,1.732080307932221,1.7320881812768683,12.0,9.0
3.4416666666666664,1.732080307932221,1.732087463953824,12.0,9.0
3.4499999999999997,1.732080307932221,1.7320868119844983,12.0,9.0
3.4583333333333335,1.732080307932221,1.7320862194146582,12.0,9.0
3.466666666666667,1.732080307932221,1.7320856808325475,12.0,9.0
3.475,1.732080307932221,1.7320851913194637,12.0,9.0
3.4833333333333334,1.732080307932221,1.732084746404836,12.0,9.0
3.4916666666666667,1.732080307932221,1.7320843420253973,12.0,9.0
3.5,1.732080307932221,1.7320839744880765,12.0,9.0
3.5083333333333333,1.732080307932221,1.7320836404362694,12.0,9.0
3.5166666666666666,1.732080307932221,1.7320833368191846,12.0,9.0
3.525,1.732080307932221,1.732083060863982,12.0,9.0
3.533333333333333,1.732080307932221,1.7320828100504484,12.0,9.0
3.5416666666666665,1.732080307932221,1.7320825820879822,12.0,9.0
3.55,1.732080307932221,1.7320823748946728,12.0,9.0
3.558333333333333,1.732080307932221,1.7320821865782883,12.0,9.0
3.5666666666666664,1.732080307932221,1.7320820154189938,12.0,9.0
3.5749999999999997,1.732080307932221,1.7320818598536445,12.0,9.0
3.5833333333333335,1.732080307932221,1.7320817184615107,12.0,9.0
3.591666666666667,1.732080307932221,1.732081589951302,12.0,9.0
3.6,1.732080307932221,1.7320814731493746,12.0,9.0
3.6083333333333334,1.732080307932221,1.7320813669890127,12.0,9.0
3.6166666666666667,1.732080307932221,1.7320812705006872,12.0,9.0
3.625,1.732080307932221,1.7320811828032,12.0,9.0
3.6333333333333333,1.732080307932221,1.732081103095637,12.0,9.0
3.6416666666666666,1.732080307932221,1.732081030650054,12.0,9.0
3.65,1.732080307932221,1.7320809648048283,12.0,9.0
3.658333333333333,1.732080307932221,1.7320809049586157,12.0,9.0
3.6666666666666665,1.732080307932221,1.7320808505648593,12.0,9.0
3.675,1.732080307932221,1.7320808011267979,12.0,9.0
3.683333333333333,1.732080307932221,1.732080756192929,12.0,9.0
3.6916666666666664,1.732080307932221,1.7320807153528859,12.0,9.0
3.6999999999999997,1.732080307932221,1.7320806782336888,12.0,9.0
3.7083333333333335,1.732080307932221,1.73208064449634,12.0,9.0
3.716666666666667,1.732080307932221,1.7320806138327263,12.0,9.0
3.725,1.732080307932221,1.7320805859628068,12.0,9.0
3.7333333333333334,1.732080307932221,1.7320805606320542,12.0,9.0
3.7416666666666667,1.732080307932221,1.7320805376091304,12.0,9.0
3.75,1.732080307932221,1.7320805166837743,12.0,9.0
3.7583333333333333,1.732080307932221,1.7320804976648811,12.0,9.0
3.7666666666666666,1.732080307932221,1.7320804803787575,12.0,9.0
3.775,1.732080307932221,1.7320804646675343,12.0,9.0
3.783333333333333,1.732080307932221,1.732080450387726,12.0,9.0
3.7916666666666665,1.732080307932221,1.7320804374089196,12.0,9.0
3.8,1.732080307932221,1.7320804256125835,12.0,9.0
3.808333333333333,1.732080307932221,1.7320804148909854,12.0,9.0
3.8166666666666664,1.732080307932221,1.7320804051462086,12.0,9.0
3.8249999999999997,1.732080307932221,1.7320803962892568,12.0,9.0
3.8333333333333335,1.732080307932221,1.7320803882392424,12.0,9.0
3.841666666666667,1.732080307932221,1.732080380922647,12.0,9.0
3.85,1.732080307932221,1.7320803742726505,12.0,9.0
3.8583333333333334,1.732080307932221,1.7320803682285204,12.0,9.0
3.8666666666666667,1.732080307932221,1.7320803627350576,12.0,9.0
3.875,1.732080307932221,1.7320803577420922,12.0,9.0
3.8833333333333333,1.732080307932221,1.7320803532040248,12.0,9.0
3.8916666666666666,1.732080307932221,1.7320803490794108,12.0,9.0
3.9,1.732080307932221,1.732080345330581,12.0,9.0
3.908333333333333,1.732080307932221,1.732080341923299,12.0,9.0
3.9166666666666665,1.732080307932221,1.732080338826447,12.0,9.0
3.925,1.732080307932221,1.7320803360117423,12.0,9.0
3.933333333333333,1.732080307932221,1.7320803334534791,12.0,9.0
3.9416666666666664,1.732080307932221,1.7320803311282937,12.0,9.0
3.9499999999999997,1.732080307932221,1.7320803290149507,12.0,9.0
3.9583333333333335,1.732080307932221,1.7320803270941498,12.0,9.0
3.966666666666667,1.732080307932221,1.7320803253483488,12.0,9.0
3.975,1.732080307932221,1.7320803237616038,12.0,9.0
3.9833333333333334,1.732080307932221,1.7320803223194237,12.0,9.0
3.9916666666666667,1.732080307932221,1.7320803210086373,12.0,9.0
4.0,1.732080307932221,1.7320803198172738,12.0,9.0
4.008333333333333,1.732080307932221,1.732080318734453,12.0,9.0
4.016666666666667,1.732080307932221,1.7320803177502855,12.0,9.0
4.025,1.732080307932221,1.7320803168557832,12.0,9.0
4.033333333333333,1.732080307932221,1.7320803160427771,12.0,9.0
4.041666666666667,1.732080307932221,1.7320803153038422,12.0,9.0
4.05,1.732080307932221,1.7320803146322301,12.0,9.0
4.058333333333334,1.732080307932221,1.732080314021807,12.0,9.0
4.066666666666666,1.732080307932221,1.7320803134669984,12.0,9.0
4.075,1.732080307932221,1.7320803129627371,12.0,9.0
4.083333333333333,1.732080307932221,1.732080312504418,12.0,9.0
4.091666666666667,1.732080307932221,1.7320803120878552,12.0,9.0
4.1,1.732080307932221,1.7320803117092445,12.0,9.0
4.108333333333333,1.732080307932221,1.7320803113651282,12.0,9.0
4.116666666666666,1.732080307932221,1.7320803110523635,12.0,9.0
4.125,1.732080307932221,1.7320803107680942,13.0,9.0
4.133333333333333,1.732080307932221,1.732080310509724,13.0,9.0
4.141666666666667,1.732080307932221,1.7320803102748934,13.0,9.0
4.15,1.732080307932221,1.7320803100614577,13.0,9.0
4.158333333333333,1.732080307932221,1.7320803098674675,13.0,9.0
4.166666666666667,1.732080307932221,1.7320803096911515,13.0,9.0
4.175,1.732080307932221,1.7320803095308992,13.0,9.0
4.183333333333334,1.732080307932221,1.732080309385247,13.0,9.0
4.191666666666666,1.732080307932221,1.732080309252865,13.0,9.0
4.2,1.732080307932221,1.732080309132544,13.0,9.0
4.208333333333333,1.732080307932221,1.7320803090231853,13.0,9.0
4.216666666666667,1.732080307932221,1.73208030892379,13.0,9.0
4.225,1.732080307932221,1.7320803088334502,13.0,9.0
4.233333333333333,1.732080307932221,1.9613493677414926,13.0,10.0
4.241666666666666,1.732080307932221,1.9404611699940484,13.0,10.0
4.25,1.732080307932221,1.9214760498162478,13.0,10.0
4.258333333333333,1.732080307932221,1.9042206220132614,13.0,10.0
4.266666666666667,1.732080307932221,1.888537298132476,13.0,10.0
4.275,1.732080307932221,1.874282847257196,13.0,10.0
4.283333333333333,1.732080307932221,1.8613270879232509,13.0,10.0
4.291666666666667,1.732080307932221,1.8495516992121925,13.0,10.0
4.3,1.732080307932221,1.8388491401631664,13.0,10.0
4.308333333333334,1.732080307932221,1.82912166763478,13.0,10.0
4.316666666666666,1.732080307932221,1.820280443647408,13.0,10.0
4.325,1.732080307932221,1.8122447240535697,13.0,10.0
4.333333333333333,1.732080307932221,1.8049411211267545,13.0,10.0
4.341666666666667,1.732080307932221,1.7983029333341536,13.0,10.0
4.35,1.732080307932221,1.7922695361723158,13.0,10.0
4.358333333333333,1.732080307932221,1.7867858285024232,13.0,10.0
4.366666666666666,1.732080307932221,1.7818017293287367,13.0,10.0
4.375,1.732080307932221,1.7772717204244457,13.0,10.0
4.383333333333333,1.732080307932221,1.773154430627867,13.0,10.0
4.391666666666667,1.732080307932221,1.769412258012499,13.0,10.0
4.4,1.732080307932221,1.7660110264803275,13.0,10.0
4.408333333333333,1.732080307932221,1.7629196736421584,13.0,10.0
4.416666666666667,1.732080307932221,1.7601099671344822,13.0,10.0
4.425,1.732080307932221,1.7575562467820833,13.0,10.0
4.433333333333334,1.732080307932221,1.7552351902516452,13.0,10.0
4.441666666666666,1.732080307932221,1.7531256000561375,13.0,10.0
4.45,1.732080307932221,1.7512082099647628,13.0,10.0
4.458333333333333,1.732080307932221,1.7494655090504665,13.0,10.0
4.466666666666667,1.732080307932221,1.7478815817680888,13.0,10.0
4.475,1.732080307932221,1.7464419626026433,13.0,10.0
4.483333333333333,1.732080307932221,1.7451335039602698,13.0,10.0
4.491666666666666,1.732080307932221,1.7439442560953513,13.0,10.0
4.5,1.732080307932221,1.7428633579772055,13.0,10.0
4.508333333333333,1.732080307932221,1.7418809380996711,13.0,10.0
4.516666666666667,1.732080307932221,1.7409880243277145,13.0,10.0
4.525,1.732080307932221,1.7401764619577114,13.0,10.0
4.533333333333333,1.732080307932221,1.7394388392430769,13.0,10.0
4.541666666666667,1.732080307932221,1.7387684197050903,13.0,10.0
4.55,1.732080307932221,1.7381590806107314,13.0,10.0
4.558333333333334,1.732080307932221,1.7376052570556642,13.0,10.0
4.566666666666666,1.732080307932221,1.737101891141698,13.0,10.0
4.575,1.732080307932221,1.7366443857845772,13.0,10.0
4.583333333333333,1.732080307932221,1.7362285627302407,13.0,10.0
4.591666666666667,1.732080307932221,1.7358506243961285,13.0,10.0
4.6,1.732080307932221,1.735507119189041,13.0,10.0
4.608333333333333,1.732080307932221,1.7351949099828132,13.0,10.0
4.616666666666666,1.732080307932221,1.7349111454679176,13.0,10.0
4.625,1.732080307932221,1.7346532341113408,13.0,10.0
4.633333333333333,1.732080307932221,1.7344188204889195,13.0,10.0
4.641666666666667,1.732080307932221,1.7342057637739845,13.0,10.0
4.65,1.732080307932221,1.734012118185857,13.0,10.0
4.658333333333333,1.732080307932221,1.7338361152196389,13.0,10.0
4.666666666666667,1.732080307932221,1.7336761474950078,13.0,10.0
4.675,1.732080307932221,1.7335307540765132,13.0,10.0
4.683333333333334,1.732080307932221,1.7333986071313074,13.0,10.0
4.691666666666666,1.732080307932221,1.733278499802461,13.0,10.0
4.7,1.732080307932221,1.7331693351871145,13.0,10.0
4.708333333333333,1.732080307932221,1.7330701163188054,13.0,10.0
4.716666666666667,1.732080307932221,1.732979937062484,13.0,10.0
4.725,1.732080307932221,1.7328979738390646,13.0,10.0
4.733333333333333,1.732080307932221,1.7328234781039327,13.0,10.0
4.741666666666666,1.732080307932221,1.7327557695107207,13.0,10.0
4.75,1.732080307932221,1.7326942296979164,13.0,10.0
4.758333333333333,1.732080307932221,1.732638296641559,13.0,10.0
4.766666666666667,1.732080307932221,1.7325874595224502,13.0,10.0
4.775,1.732080307932221,1.7325412540610003,13.0,10.0
4.783333333333333,1.732080307932221,1.7324992582771084,13.0,10.0
4.791666666666667,1.732080307932221,1.732461088636348,13.0,10.0
4.8,1.732080307932221,1.732426396547268,13.0,10.0
4.808333333333334,1.732080307932221,1.7323948651778138,13.0,10.0
4.816666666666666,1.732080307932221,1.7323662065618004,13.0,10.0
4.825,1.732080307932221,1.7323401589690055,13.0,10.0
4.833333333333333,1.732080307932221,1.7323164845148695,13.0,10.0
4.841666666666667,1.732080307932221,1.73229496698797,13.0,10.0
4.85,1.732080307932221,1.7322754098754294,13.0,10.0
4.858333333333333,1.732080307932221,1.7322576345682246,13.0,10.0
4.866666666666666,1.732080307932221,1.7322414787300062,13.0,10.0
4.875,1.732080307932221,1.7322267948145313,13.0,10.0
4.883333333333333,1.732080307932221,1.732213448718169,13.0,10.0
4.891666666666667,1.732080307932221,1.7322013185551743,13.0,10.0
4.9,1.732080307932221,1.7321902935445432,13.0,10.0
4.908333333333333,1.732080307932221,1.7321802729982843,13.0,10.0
4.916666666666667,1.732080307932221,1.7321711654018668,13.0,10.0
4.925,1.732080307932221,1.7321628875784467,13.0,10.0
4.933333333333334,1.732080307932221,1.7321553639292386,13.0,10.0
4.941666666666666,1.732080307932221,1.7321485257430955,13.0,10.0
4.95,1.732080307932221,1.7321423105689913,13.0,10.0
4.958333333333333,1.732080307932221,1.7321366616456746,13.0,10.0
4.966666666666667,1.732080307932221,1.732131527383287,13.0,10.0
4.975,1.732080307932221,1.7321268608922076,13.0,10.0
4.983333333333333,1.732080307932221,1.7321226195548254,13.0,10.0
4.991666666666666,1.732080307932221,1.732118764636326,13.0,10.0
5.0,1.732080307932221,1.7321152609309385,13.0,10.0
