conId,status,error,expiry,K
869072844,failed,no bars,2026-11-20 00:00:00,245.0
838421060,failed,no bars,2026-11-20 00:00:00,280.0
838421424,failed,no bars,2026-11-20 00:00:00,320.0
838422999,failed,no bars,2026-11-20 00:00:00,470.0
838423408,failed,no bars,2026-11-20 00:00:00,505.0
910573158,failed,no bars,2027-02-19 00:00:00,245.0
910573556,failed,no bars,2027-02-19 00:00:00,280.0
910573957,failed,no bars,2027-02-19 00:00:00,320.0
910574319,failed,no bars,2027-02-19 00:00:00,355.0
910574800,failed,no bars,2027-02-19 00:00:00,395.0
910575731,failed,no bars,2027-02-19 00:00:00,470.0
910576122,failed,no bars,2027-02-19 00:00:00,505.0
800378165,failed,no bars,2027-06-17 00:00:00,245.0
800378458,failed,no bars,2027-06-17 00:00:00,280.0
800378835,failed,no bars,2027-06-17 00:00:00,320.0
800379115,failed,no bars,2027-06-17 00:00:00,355.0
800379480,failed,no bars,2027-06-17 00:00:00,395.0
800379908,failed,no bars,2027-06-17 00:00:00,430.0
801599430,failed,no bars,2027-06-17 00:00:00,470.0
817345716,failed,no bars,2027-06-17 00:00:00,505.0
887868891,failed,no bars,2027-09-17 00:00:00,245.0
887869234,failed,no bars,2027-09-17 00:00:00,280.0
887869656,failed,no bars,2027-09-17 00:00:00,320.0
887870079,failed,no bars,2027-09-17 00:00:00,355.0
887870478,failed,no bars,2027-09-17 00:00:00,395.0
887870856,failed,no bars,2027-09-17 00:00:00,430.0
887871279,failed,no bars,2027-09-17 00:00:00,470.0
887871646,failed,no bars,2027-09-17 00:00:00,505.0
816976072,failed,no bars,2028-01-21 00:00:00,245.0
814294797,failed,no bars,2028-01-21 00:00:00,280.0
814295236,failed,no bars,2028-01-21 00:00:00,320.0
814295637,failed,no bars,2028-01-21 00:00:00,355.0
814296088,failed,no bars,2028-01-21 00:00:00,395.0
816976417,failed,no bars,2028-01-21 00:00:00,430.0
816976882,failed,no bars,2028-01-21 00:00:00,470.0
817345992,failed,no bars,2028-01-21 00:00:00,505.0
852303270,failed,no bars,2028-06-16 00:00:00,245.0
852303719,failed,no bars,2028-06-16 00:00:00,280.0
851891480,failed,no bars,2028-06-16 00:00:00,320.0
852304325,failed,no bars,2028-06-16 00:00:00,355.0
852304600,failed,no bars,2028-06-16 00:00:00,395.0
851891950,failed,no bars,2028-06-16 00:00:00,430.0
851892108,failed,no bars,2028-06-16 00:00:00,470.0
852305409,failed,no bars,2028-06-16 00:00:00,505.0
869072787,failed,no bars,2026-11-20 00:00:00,240.0
838421112,failed,no bars,2026-11-20 00:00:00,285.0
838421385,failed,no bars,2026-11-20 00:00:00,315.0
838422937,failed,no bars,2026-11-20 00:00:00,465.0
838423481,failed,no bars,2026-11-20 00:00:00,510.0
868230581,failed,no bars,2027-03-19 00:00:00,245.0
851615269,failed,no bars,2027-03-19 00:00:00,280.0
910573911,failed,no bars,2027-02-19 00:00:00,315.0
848877673,failed,no bars,2027-03-19 00:00:00,355.0
910574719,failed,no bars,2027-02-19 00:00:00,390.0
910575677,failed,no bars,2027-02-19 00:00:00,465.0
848879001,failed,no bars,2027-03-19 00:00:00,505.0
800378135,failed,no bars,2027-06-17 00:00:00,240.0
897587418,failed,no bars,2027-06-30 00:00:00,280.0
800378798,failed,no bars,2027-06-17 00:00:00,315.0
897588922,failed,no bars,2027-06-30 00:00:00,356.0
897590697,failed,no bars,2027-06-30 00:00:00,393.0
897591919,failed,no bars,2027-06-30 00:00:00,430.0
801599385,failed,no bars,2027-06-17 00:00:00,465.0
909953505,failed,no bars,2027-06-30 00:00:00,505.0
887868844,failed,no bars,2027-09-17 00:00:00,240.0
887869299,failed,no bars,2027-09-17 00:00:00,285.0
887869620,failed,no bars,2027-09-17 00:00:00,315.0
887870134,failed,no bars,2027-09-17 00:00:00,360.0
887870430,failed,no bars,2027-09-17 00:00:00,390.0
887870918,failed,no bars,2027-09-17 00:00:00,435.0
887871225,failed,no bars,2027-09-17 00:00:00,465.0
887871696,failed,no bars,2027-09-17 00:00:00,510.0
816976018,failed,no bars,2028-01-21 00:00:00,240.0
814294854,failed,no bars,2028-01-21 00:00:00,285.0
814295195,failed,no bars,2028-01-21 00:00:00,315.0
814295687,failed,no bars,2028-01-21 00:00:00,360.0
814296032,failed,no bars,2028-01-21 00:00:00,390.0
816976485,failed,no bars,2028-01-21 00:00:00,435.0
816976825,failed,no bars,2028-01-21 00:00:00,465.0
816977303,failed,no bars,2028-01-21 00:00:00,510.0
852303200,failed,no bars,2028-06-16 00:00:00,240.0
852303797,failed,no bars,2028-06-16 00:00:00,285.0
852304040,failed,no bars,2028-06-16 00:00:00,315.0
851891668,failed,no bars,2028-06-16 00:00:00,360.0
851891780,failed,no bars,2028-06-16 00:00:00,390.0
852304894,failed,no bars,2028-06-16 00:00:00,435.0
852305139,failed,no bars,2028-06-16 00:00:00,465.0
851892265,failed,no bars,2028-06-16 00:00:00,510.0
838420742,failed,no bars,2026-11-20 00:00:00,250.0
838421019,failed,no bars,2026-11-20 00:00:00,275.0
838421482,failed,no bars,2026-11-20 00:00:00,325.0
838423049,failed,no bars,2026-11-20 00:00:00,475.0
838423348,failed,no bars,2026-11-20 00:00:00,500.0
910573101,failed,no bars,2027-02-19 00:00:00,240.0
910573611,failed,no bars,2027-02-19 00:00:00,285.0
848877339,failed,no bars,2027-03-19 00:00:00,320.0
910574390,failed,no bars,2027-02-19 00:00:00,360.0
848878088,failed,no bars,2027-03-19 00:00:00,395.0
848878756,failed,no bars,2027-03-19 00:00:00,470.0
910576186,failed,no bars,2027-02-19 00:00:00,510.0
800378228,failed,no bars,2027-06-17 00:00:00,250.0
800378509,failed,no bars,2027-06-17 00:00:00,285.0
897587780,failed,no bars,2027-06-30 00:00:00,320.0
897588907,failed,no bars,2027-06-30 00:00:00,355.0
897590760,failed,no bars,2027-06-30 00:00:00,394.0
800379978,failed,no bars,2027-06-17 00:00:00,435.0
897592267,failed,no bars,2027-06-30 00:00:00,470.0
806090586,failed,no bars,2027-06-17 00:00:00,510.0
887868938,failed,no bars,2027-09-17 00:00:00,250.0
887869178,failed,no bars,2027-09-17 00:00:00,275.0
887869727,failed,no bars,2027-09-17 00:00:00,325.0
887870022,failed,no bars,2027-09-17 00:00:00,350.0
887870533,failed,no bars,2027-09-17 00:00:00,400.0
887870798,failed,no bars,2027-09-17 00:00:00,425.0
887871325,failed,no bars,2027-09-17 00:00:00,475.0
887871585,failed,no bars,2027-09-17 00:00:00,500.0
816976113,failed,no bars,2028-01-21 00:00:00,250.0
814294747,failed,no bars,2028-01-21 00:00:00,275.0
814295299,failed,no bars,2028-01-21 00:00:00,325.0
814295591,failed,no bars,2028-01-21 00:00:00,350.0
814296135,failed,no bars,2028-01-21 00:00:00,400.0
816976363,failed,no bars,2028-01-21 00:00:00,425.0
816976936,failed,no bars,2028-01-21 00:00:00,475.0
816977231,failed,no bars,2028-01-21 00:00:00,500.0
852303330,failed,no bars,2028-06-16 00:00:00,250.0
852303651,failed,no bars,2028-06-16 00:00:00,275.0
852304105,failed,no bars,2028-06-16 00:00:00,325.0
851891628,failed,no bars,2028-06-16 00:00:00,350.0
851891820,failed,no bars,2028-06-16 00:00:00,400.0
852304826,failed,no bars,2028-06-16 00:00:00,425.0
852305199,failed,no bars,2028-06-16 00:00:00,475.0
851892225,failed,no bars,2028-06-16 00:00:00,500.0
920627487,failed,no bars,2026-10-23 00:00:00,245.0
920627920,failed,no bars,2026-10-23 00:00:00,280.0
920628480,failed,no bars,2026-10-23 00:00:00,320.0
920632222,failed,no bars,2026-10-23 00:00:00,470.0
920632694,failed,no bars,2026-10-23 00:00:00,505.0
869074977,failed,no bars,2027-03-19 00:00:00,240.0
851615305,failed,no bars,2027-03-19 00:00:00,285.0
848877295,failed,no bars,2027-03-19 00:00:00,315.0
848877733,failed,no bars,2027-03-19 00:00:00,360.0
848878035,failed,no bars,2027-03-19 00:00:00,390.0
848878710,failed,no bars,2027-03-19 00:00:00,465.0
848879038,failed,no bars,2027-03-19 00:00:00,510.0
800378089,failed,no bars,2027-06-17 00:00:00,235.0
897587468,failed,no bars,2027-06-30 00:00:00,285.0
897587729,failed,no bars,2027-06-30 00:00:00,315.0
897588950,failed,no bars,2027-06-30 00:00:00,357.0
897590644,failed,no bars,2027-06-30 00:00:00,392.0
897591957,failed,no bars,2027-06-30 00:00:00,435.0
897592243,failed,no bars,2027-06-30 00:00:00,465.0
909953559,failed,no bars,2027-06-30 00:00:00,510.0
887868798,failed,no bars,2027-09-17 00:00:00,235.0
887869341,failed,no bars,2027-09-17 00:00:00,290.0
887869560,failed,no bars,2027-09-17 00:00:00,310.0
887870182,failed,no bars,2027-09-17 00:00:00,365.0
887870377,failed,no bars,2027-09-17 00:00:00,385.0
887870960,failed,no bars,2027-09-17 00:00:00,440.0
887871178,failed,no bars,2027-09-17 00:00:00,460.0
887871747,failed,no bars,2027-09-17 00:00:00,515.0
816975953,failed,no bars,2028-01-21 00:00:00,235.0
814294927,failed,no bars,2028-01-21 00:00:00,290.0
814295147,failed,no bars,2028-01-21 00:00:00,310.0
814295739,failed,no bars,2028-01-21 00:00:00,365.0
814295994,failed,no bars,2028-01-21 00:00:00,385.0
816976556,failed,no bars,2028-01-21 00:00:00,440.0
816976778,failed,no bars,2028-01-21 00:00:00,460.0
817346046,failed,no bars,2028-01-21 00:00:00,515.0
852303133,failed,no bars,2028-06-16 00:00:00,235.0
852303850,failed,no bars,2028-06-16 00:00:00,290.0
851891433,failed,no bars,2028-06-16 00:00:00,310.0
852304389,failed,no bars,2028-06-16 00:00:00,365.0
852304531,failed,no bars,2028-06-16 00:00:00,385.0
851891989,failed,no bars,2028-06-16 00:00:00,440.0
851892072,failed,no bars,2028-06-16 00:00:00,460.0
852305559,failed,no bars,2028-06-16 00:00:00,515.0
920627435,failed,no bars,2026-10-23 00:00:00,240.0
920628004,failed,no bars,2026-10-23 00:00:00,285.0
920628423,failed,no bars,2026-10-23 00:00:00,315.0
838422879,failed,no bars,2026-11-20 00:00:00,460.0
920632752,failed,no bars,2026-10-23 00:00:00,510.0
910573221,failed,no bars,2027-02-19 00:00:00,250.0
910573498,failed,no bars,2027-02-19 00:00:00,275.0
910574009,failed,no bars,2027-02-19 00:00:00,325.0
910574256,failed,no bars,2027-02-19 00:00:00,350.0
910574851,failed,no bars,2027-02-19 00:00:00,400.0
910575787,failed,no bars,2027-02-19 00:00:00,475.0
910576067,failed,no bars,2027-02-19 00:00:00,500.0
800378266,failed,no bars,2027-06-17 00:00:00,255.0
800378413,failed,no bars,2027-06-17 00:00:00,275.0
800378868,failed,no bars,2027-06-17 00:00:00,325.0
897588870,failed,no bars,2027-06-30 00:00:00,354.0
800379434,failed,no bars,2027-06-17 00:00:00,390.0
800379840,failed,no bars,2027-06-17 00:00:00,425.0
813159478,failed,no bars,2027-06-17 00:00:00,475.0
806090530,failed,no bars,2027-06-17 00:00:00,500.0
887868982,failed,no bars,2027-09-17 00:00:00,255.0
887869126,failed,no bars,2027-09-17 00:00:00,270.0
887869790,failed,no bars,2027-09-17 00:00:00,330.0
887869959,failed,no bars,2027-09-17 00:00:00,345.0
887870585,failed,no bars,2027-09-17 00:00:00,405.0
887870740,failed,no bars,2027-09-17 00:00:00,420.0
887871375,failed,no bars,2027-09-17 00:00:00,480.0
887871535,failed,no bars,2027-09-17 00:00:00,495.0
816976158,failed,no bars,2028-01-21 00:00:00,255.0
814294667,failed,no bars,2028-01-21 00:00:00,270.0
814295359,failed,no bars,2028-01-21 00:00:00,330.0
814295533,failed,no bars,2028-01-21 00:00:00,345.0
814296206,failed,no bars,2028-01-21 00:00:00,405.0
816976318,failed,no bars,2028-01-21 00:00:00,420.0
816976991,failed,no bars,2028-01-21 00:00:00,480.0
816977163,failed,no bars,2028-01-21 00:00:00,495.0
852303390,failed,no bars,2028-06-16 00:00:00,255.0
852303595,failed,no bars,2028-06-16 00:00:00,270.0
851891539,failed,no bars,2028-06-16 00:00:00,330.0
852304254,failed,no bars,2028-06-16 00:00:00,345.0
852304666,failed,no bars,2028-06-16 00:00:00,405.0
851891902,failed,no bars,2028-06-16 00:00:00,420.0
851892142,failed,no bars,2028-06-16 00:00:00,480.0
852305334,failed,no bars,2028-06-16 00:00:00,495.0
869072742,failed,no bars,2026-11-20 00:00:00,235.0
838421169,failed,no bars,2026-11-20 00:00:00,290.0
838421339,failed,no bars,2026-11-20 00:00:00,310.0
920632161,failed,no bars,2026-10-23 00:00:00,465.0
920632626,failed,no bars,2026-10-23 00:00:00,500.0
868230617,failed,no bars,2027-03-19 00:00:00,250.0
851615234,failed,no bars,2027-03-19 00:00:00,275.0
848877380,failed,no bars,2027-03-19 00:00:00,325.0
848877633,failed,no bars,2027-03-19 00:00:00,350.0
848878142,failed,no bars,2027-03-19 00:00:00,400.0
848878797,failed,no bars,2027-03-19 00:00:00,475.0
848878968,failed,no bars,2027-03-19 00:00:00,500.0
800378059,failed,no bars,2027-06-17 00:00:00,230.0
897587385,failed,no bars,2027-06-30 00:00:00,275.0
897587853,failed,no bars,2027-06-30 00:00:00,325.0
897588992,failed,no bars,2027-06-30 00:00:00,358.0
897590829,failed,no bars,2027-06-30 00:00:00,395.0
897591871,failed,no bars,2027-06-30 00:00:00,425.0
897592300,failed,no bars,2027-06-30 00:00:00,475.0
909953460,failed,no bars,2027-06-30 00:00:00,500.0
887868758,failed,no bars,2027-09-17 00:00:00,230.0
887869395,failed,no bars,2027-09-17 00:00:00,295.0
887869505,failed,no bars,2027-09-17 00:00:00,305.0
887870217,failed,no bars,2027-09-17 00:00:00,370.0
887870334,failed,no bars,2027-09-17 00:00:00,380.0
887871012,failed,no bars,2027-09-17 00:00:00,445.0
887871118,failed,no bars,2027-09-17 00:00:00,455.0
887871802,failed,no bars,2027-09-17 00:00:00,520.0
816975903,failed,no bars,2028-01-21 00:00:00,230.0
814294972,failed,no bars,2028-01-21 00:00:00,295.0
814295089,failed,no bars,2028-01-21 00:00:00,305.0
814295802,failed,no bars,2028-01-21 00:00:00,370.0
814295954,failed,no bars,2028-01-21 00:00:00,380.0
816976610,failed,no bars,2028-01-21 00:00:00,445.0
816976727,failed,no bars,2028-01-21 00:00:00,455.0
816977363,failed,no bars,2028-01-21 00:00:00,520.0
852303095,failed,no bars,2028-06-16 00:00:00,230.0
852303914,failed,no bars,2028-06-16 00:00:00,295.0
852303969,failed,no bars,2028-06-16 00:00:00,305.0
851891693,failed,no bars,2028-06-16 00:00:00,370.0
851891739,failed,no bars,2028-06-16 00:00:00,380.0
852304959,failed,no bars,2028-06-16 00:00:00,445.0
852305055,failed,no bars,2028-06-16 00:00:00,455.0
851892305,failed,no bars,2028-06-16 00:00:00,520.0
920627530,failed,no bars,2026-10-23 00:00:00,250.0
920627840,failed,no bars,2026-10-23 00:00:00,275.0
920628558,failed,no bars,2026-10-23 00:00:00,325.0
827395802,failed,no bars,2026-10-16 00:00:00,470.0
838423538,failed,no bars,2026-11-20 00:00:00,515.0
910573046,failed,no bars,2027-02-19 00:00:00,235.0
891787732,failed,no bars,2027-03-31 00:00:00,280.0
910573843,failed,no bars,2027-02-19 00:00:00,310.0
870310786,failed,no bars,2027-03-31 00:00:00,355.0
910574644,failed,no bars,2027-02-19 00:00:00,385.0
910575627,failed,no bars,2027-02-19 00:00:00,460.0
870313175,failed,no bars,2027-03-31 00:00:00,505.0
800378295,failed,no bars,2027-06-17 00:00:00,260.0
800378563,failed,no bars,2027-06-17 00:00:00,290.0
800378758,failed,no bars,2027-06-17 00:00:00,310.0
897588815,failed,no bars,2027-06-30 00:00:00,353.0
897590586,failed,no bars,2027-06-30 00:00:00,391.0
800380022,failed,no bars,2027-06-17 00:00:00,440.0
800824505,failed,no bars,2027-06-17 00:00:00,460.0
817345776,failed,no bars,2027-06-17 00:00:00,515.0
887869030,failed,no bars,2027-09-17 00:00:00,260.0
887869078,failed,no bars,2027-09-17 00:00:00,265.0
887869857,failed,no bars,2027-09-17 00:00:00,335.0
887869910,failed,no bars,2027-09-17 00:00:00,340.0
887870628,failed,no bars,2027-09-17 00:00:00,410.0
887870681,failed,no bars,2027-09-17 00:00:00,415.0
887871425,failed,no bars,2027-09-17 00:00:00,485.0
887871479,failed,no bars,2027-09-17 00:00:00,490.0
816976203,failed,no bars,2028-01-21 00:00:00,260.0
814294599,failed,no bars,2028-01-21 00:00:00,265.0
814295409,failed,no bars,2028-01-21 00:00:00,335.0
814295468,failed,no bars,2028-01-21 00:00:00,340.0
816976248,failed,no bars,2028-01-21 00:00:00,410.0
816976281,failed,no bars,2028-01-21 00:00:00,415.0
816977037,failed,no bars,2028-01-21 00:00:00,485.0
816977097,failed,no bars,2028-01-21 00:00:00,490.0
852303468,failed,no bars,2028-06-16 00:00:00,260.0
852303530,failed,no bars,2028-06-16 00:00:00,265.0
852304174,failed,no bars,2028-06-16 00:00:00,335.0
851891588,failed,no bars,2028-06-16 00:00:00,340.0
851891862,failed,no bars,2028-06-16 00:00:00,410.0
852304743,failed,no bars,2028-06-16 00:00:00,415.0
852305269,failed,no bars,2028-06-16 00:00:00,485.0
851892185,failed,no bars,2028-06-16 00:00:00,490.0
827394797,failed,no bars,2026-10-16 00:00:00,245.0
827013312,failed,no bars,2026-10-16 00:00:00,280.0
827013756,failed,no bars,2026-10-16 00:00:00,320.0
920632291,failed,no bars,2026-10-23 00:00:00,475.0
827396208,failed,no bars,2026-10-16 00:00:00,505.0
869074914,failed,no bars,2027-03-19 00:00:00,235.0
910573654,failed,no bars,2027-02-19 00:00:00,290.0
870310641,failed,no bars,2027-03-31 00:00:00,320.0
910574441,failed,no bars,2027-02-19 00:00:00,365.0
870311231,failed,no bars,2027-03-31 00:00:00,393.0
870312946,failed,no bars,2027-03-31 00:00:00,470.0
870313200,failed,no bars,2027-03-31 00:00:00,510.0
897587242,failed,no bars,2027-06-30 00:00:00,260.0
897587522,failed,no bars,2027-06-30 00:00:00,290.0
897587699,failed,no bars,2027-06-30 00:00:00,310.0
800379157,failed,no bars,2027-06-17 00:00:00,360.0
897590862,failed,no bars,2027-06-30 00:00:00,396.0
897592020,failed,no bars,2027-06-30 00:00:00,440.0
897592219,failed,no bars,2027-06-30 00:00:00,460.0
914634329,failed,no bars,2027-06-30 00:00:00,515.0
887868705,failed,no bars,2027-09-17 00:00:00,225.0
887869445,failed,no bars,2027-09-17 00:00:00,300.0
887870280,failed,no bars,2027-09-17 00:00:00,375.0
887871065,failed,no bars,2027-09-17 00:00:00,450.0
816975854,failed,no bars,2028-01-21 00:00:00,225.0
814295037,failed,no bars,2028-01-21 00:00:00,300.0
814295869,failed,no bars,2028-01-21 00:00:00,375.0
816976653,failed,no bars,2028-01-21 00:00:00,450.0
867090401,failed,no bars,2028-06-16 00:00:00,225.0
851891382,failed,no bars,2028-06-16 00:00:00,300.0
852304452,failed,no bars,2028-06-16 00:00:00,375.0
851892032,failed,no bars,2028-06-16 00:00:00,450.0
827394744,failed,no bars,2026-10-16 00:00:00,240.0
827013372,failed,no bars,2026-10-16 00:00:00,285.0
827013701,failed,no bars,2026-10-16 00:00:00,315.0
827395727,failed,no bars,2026-10-16 00:00:00,465.0
838423289,failed,no bars,2026-11-20 00:00:00,495.0
910573260,failed,no bars,2027-02-19 00:00:00,255.0
891787781,failed,no bars,2027-03-31 00:00:00,285.0
848877267,failed,no bars,2027-03-19 00:00:00,310.0
870310797,failed,no bars,2027-03-31 00:00:00,360.0
870311251,failed,no bars,2027-03-31 00:00:00,394.0
848878676,failed,no bars,2027-03-19 00:00:00,460.0
910576241,failed,no bars,2027-02-19 00:00:00,515.0
800378014,failed,no bars,2027-06-17 00:00:00,225.0
800378355,failed,no bars,2027-06-17 00:00:00,270.0
800378900,failed,no bars,2027-06-17 00:00:00,330.0
897589019,failed,no bars,2027-06-30 00:00:00,359.0
897590531,failed,no bars,2027-06-30 00:00:00,390.0
800379764,failed,no bars,2027-06-17 00:00:00,420.0
806090421,failed,no bars,2027-06-17 00:00:00,480.0
813159589,failed,no bars,2027-06-17 00:00:00,495.0
920627375,failed,no bars,2026-10-23 00:00:00,235.0
838420967,failed,no bars,2026-11-20 00:00:00,270.0
920628355,failed,no bars,2026-10-23 00:00:00,310.0
920632101,failed,no bars,2026-10-23 00:00:00,460.0
827396269,failed,no bars,2026-10-16 00:00:00,510.0
868230644,failed,no bars,2027-03-19 00:00:00,255.0
851615349,failed,no bars,2027-03-19 00:00:00,290.0
870310629,failed,no bars,2027-03-31 00:00:00,315.0
848877783,failed,no bars,2027-03-19 00:00:00,365.0
870311204,failed,no bars,2027-03-31 00:00:00,392.0
870312917,failed,no bars,2027-03-31 00:00:00,465.0
848879063,failed,no bars,2027-03-19 00:00:00,515.0
897587333,failed,no bars,2027-06-30 00:00:00,270.0
897587927,failed,no bars,2027-06-30 00:00:00,330.0
897588752,failed,no bars,2027-06-30 00:00:00,352.0
897590904,failed,no bars,2027-06-30 00:00:00,397.0
897591811,failed,no bars,2027-06-30 00:00:00,420.0
897592325,failed,no bars,2027-06-30 00:00:00,480.0
909953410,failed,no bars,2027-06-30 00:00:00,495.0
869073965,failed,no bars,2026-12-18 00:00:00,245.0
843266400,failed,no bars,2026-12-18 00:00:00,280.0
843266781,failed,no bars,2026-12-18 00:00:00,320.0
843268302,failed,no bars,2026-12-18 00:00:00,470.0
843268693,failed,no bars,2026-12-18 00:00:00,505.0
910572984,failed,no bars,2027-02-19 00:00:00,230.0
891787692,failed,no bars,2027-03-31 00:00:00,275.0
870310661,failed,no bars,2027-03-31 00:00:00,325.0
870310761,failed,no bars,2027-03-31 00:00:00,350.0
870311279,failed,no bars,2027-03-31 00:00:00,395.0
870312889,failed,no bars,2027-03-31 00:00:00,464.0
870313137,failed,no bars,2027-03-31 00:00:00,500.0
800378628,failed,no bars,2027-06-17 00:00:00,295.0
800378708,failed,no bars,2027-06-17 00:00:00,305.0
897589052,failed,no bars,2027-06-30 00:00:00,360.0
897590468,failed,no bars,2027-06-30 00:00:00,389.0
800380075,failed,no bars,2027-06-17 00:00:00,445.0
800824420,failed,no bars,2027-06-17 00:00:00,455.0
806090637,failed,no bars,2027-06-17 00:00:00,520.0
838420808,failed,no bars,2026-11-20 00:00:00,255.0
827013231,failed,no bars,2026-10-16 00:00:00,275.0
838421537,failed,no bars,2026-11-20 00:00:00,330.0
843268254,failed,no bars,2026-12-18 00:00:00,465.0
827396143,failed,no bars,2026-10-16 00:00:00,500.0
869074847,failed,no bars,2027-03-19 00:00:00,230.0
910573443,failed,no bars,2027-02-19 00:00:00,270.0
870310614,failed,no bars,2027-03-31 00:00:00,310.0
910574226,failed,no bars,2027-02-19 00:00:00,345.0
870311180,failed,no bars,2027-03-31 00:00:00,391.0
870312871,failed,no bars,2027-03-31 00:00:00,463.0
910576013,failed,no bars,2027-02-19 00:00:00,495.0
897587582,failed,no bars,2027-06-30 00:00:00,295.0
897587665,failed,no bars,2027-06-30 00:00:00,305.0
897588698,failed,no bars,2027-06-30 00:00:00,351.0
897590964,failed,no bars,2027-06-30 00:00:00,398.0
897592083,failed,no bars,2027-06-30 00:00:00,445.0
897592191,failed,no bars,2027-06-30 00:00:00,455.0
914634403,failed,no bars,2027-06-30 00:00:00,520.0
869073912,failed,no bars,2026-12-18 00:00:00,240.0
920628091,failed,no bars,2026-10-23 00:00:00,290.0
843266737,failed,no bars,2026-12-18 00:00:00,315.0
838423086,failed,no bars,2026-11-20 00:00:00,480.0
920632815,failed,no bars,2026-10-23 00:00:00,515.0
762981320,failed,no bars,2027-01-15 00:00:00,243.0
851615193,failed,no bars,2027-03-19 00:00:00,270.0
910574066,failed,no bars,2027-02-19 00:00:00,330.0
848877588,failed,no bars,2027-03-19 00:00:00,345.0
848877995,failed,no bars,2027-03-19 00:00:00,385.0
870312847,failed,no bars,2027-03-31 00:00:00,462.0
848878938,failed,no bars,2027-03-19 00:00:00,495.0
800378314,failed,no bars,2027-06-17 00:00:00,265.0
897587994,failed,no bars,2027-06-30 00:00:00,333.0
800379070,failed,no bars,2027-06-17 00:00:00,350.0
897590400,failed,no bars,2027-06-30 00:00:00,388.0
800379714,failed,no bars,2027-06-17 00:00:00,415.0
813159532,failed,no bars,2027-06-17 00:00:00,485.0
806090491,failed,no bars,2027-06-17 00:00:00,490.0
827394858,failed,no bars,2026-10-16 00:00:00,250.0
843266443,failed,no bars,2026-12-18 00:00:00,285.0
827013823,failed,no bars,2026-10-16 00:00:00,325.0
827395864,failed,no bars,2026-10-16 00:00:00,475.0
843268743,failed,no bars,2026-12-18 00:00:00,510.0
762981394,failed,no bars,2027-01-15 00:00:00,244.0
891787836,failed,no bars,2027-03-31 00:00:00,290.0
848877447,failed,no bars,2027-03-19 00:00:00,330.0
870310821,failed,no bars,2027-03-31 00:00:00,365.0
870311307,failed,no bars,2027-03-31 00:00:00,396.0
870312975,failed,no bars,2027-03-31 00:00:00,475.0
870313242,failed,no bars,2027-03-31 00:00:00,515.0
897587282,failed,no bars,2027-06-30 00:00:00,265.0
897588072,failed,no bars,2027-06-30 00:00:00,334.0
897589087,failed,no bars,2027-06-30 00:00:00,361.0
897591022,failed,no bars,2027-06-30 00:00:00,399.0
897591742,failed,no bars,2027-06-30 00:00:00,415.0
899168886,failed,no bars,2027-06-30 00:00:00,485.0
899168967,failed,no bars,2027-06-30 00:00:00,490.0
918880514,failed,no bars,2026-10-09 00:00:00,245.0
918880872,failed,no bars,2026-10-09 00:00:00,280.0
918881252,failed,no bars,2026-10-09 00:00:00,320.0
918883978,failed,no bars,2026-10-09 00:00:00,470.0
918884327,failed,no bars,2026-10-09 00:00:00,505.0
762981241,failed,no bars,2027-01-15 00:00:00,242.0
891787649,failed,no bars,2027-03-31 00:00:00,270.0
910573811,failed,no bars,2027-02-19 00:00:00,305.0
870310741,failed,no bars,2027-03-31 00:00:00,345.0
870311154,failed,no bars,2027-03-31 00:00:00,390.0
870312832,failed,no bars,2027-03-31 00:00:00,461.0
870313107,failed,no bars,2027-03-31 00:00:00,495.0
800378925,failed,no bars,2027-06-17 00:00:00,335.0
897588647,failed,no bars,2027-06-30 00:00:00,350.0
897590342,failed,no bars,2027-06-30 00:00:00,387.0
800380138,failed,no bars,2027-06-17 00:00:00,450.0
918880468,failed,no bars,2026-10-09 00:00:00,240.0
843266352,failed,no bars,2026-12-18 00:00:00,275.0
918881201,failed,no bars,2026-10-09 00:00:00,315.0
918883933,failed,no bars,2026-10-09 00:00:00,465.0
843268623,failed,no bars,2026-12-18 00:00:00,500.0
728894221,failed,no bars,2027-01-15 00:00:00,245.0
910573707,failed,no bars,2027-02-19 00:00:00,295.0
848877208,failed,no bars,2027-03-19 00:00:00,305.0
910574501,failed,no bars,2027-02-19 00:00:00,370.0
870311331,failed,no bars,2027-03-31 00:00:00,397.0
870312811,failed,no bars,2027-03-31 00:00:00,460.0
910576297,failed,no bars,2027-02-19 00:00:00,520.0
897588139,failed,no bars,2027-06-30 00:00:00,335.0
897589127,failed,no bars,2027-06-30 00:00:00,362.0
800379535,failed,no bars,2027-06-17 00:00:00,400.0
897592137,failed,no bars,2027-06-30 00:00:00,450.0
827394704,failed,no bars,2026-10-16 00:00:00,235.0
918880914,failed,no bars,2026-10-09 00:00:00,285.0
827013643,failed,no bars,2026-10-16 00:00:00,310.0
827395672,failed,no bars,2026-10-16 00:00:00,460.0
920632560,failed,no bars,2026-10-23 00:00:00,495.0
762981170,failed,no bars,2027-01-15 00:00:00,241.0
851615387,failed,no bars,2027-03-19 00:00:00,295.0
870310683,failed,no bars,2027-03-31 00:00:00,330.0
848877838,failed,no bars,2027-03-19 00:00:00,370.0
870311125,failed,no bars,2027-03-31 00:00:00,389.0
910575836,failed,no bars,2027-02-19 00:00:00,480.0
848879088,failed,no bars,2027-03-19 00:00:00,520.0
897588197,failed,no bars,2027-06-30 00:00:00,336.0
897588590,failed,no bars,2027-06-30 00:00:00,349.0
897591090,failed,no bars,2027-06-30 00:00:00,400.0
843255164,failed,no bars,2026-12-18 00:00:00,250.0
920627779,failed,no bars,2026-10-23 00:00:00,270.0
843266837,failed,no bars,2026-12-18 00:00:00,325.0
