date,timestamp,expiry,K,price,conId,localSymbol,T,dte,moneyness,rate,implied_vol,vega,spot,curve_date
2026-07-16,2026-07-16 20:00:00+00:00,2026-09-30,310.0,59.38,819193227,GLD   260930C00310000,0.2080766598220397,76,0.8494081543182815,0.03747362817123945,0.28871242995718494,26.18435100358376,364.96,2026-07-16
2026-07-16,2026-07-16 20:00:00+00:00,2026-09-30,319.0,51.28,819193300,GLD   260930C00319000,0.2080766598220397,76,0.8740683910565542,0.03747362817123945,0.27860469019049783,32.950521389663635,364.96,2026-07-16
2026-07-16,2026-07-16 20:00:00+00:00,2026-09-30,328.0,43.53,819193559,GLD   260930C00328000,0.2080766598220397,76,0.8987286277948269,0.03747362817123945,0.26988738721841954,40.597142274513686,364.96,2026-07-16
2026-07-16,2026-07-16 20:00:00+00:00,2026-09-30,338.0,35.42,819193834,GLD   260930C00338000,0.2080766598220397,76,0.9261288908373521,0.03747362817123945,0.260802712777909,49.37276777271099,364.96,2026-07-16
2026-07-16,2026-07-16 20:00:00+00:00,2026-09-30,347.0,28.8,819194073,GLD   260930C00347000,0.2080766598220397,76,0.9507891275756247,0.03747362817123945,0.2551248878753746,56.81448297992771,364.96,2026-07-16
2026-07-16,2026-07-16 20:00:00+00:00,2026-09-30,356.0,22.63,819194310,GLD   260930C00356000,0.2080766598220397,76,0.9754493643138975,0.03747362817123945,0.24640712856436148,62.54068707995098,364.96,2026-07-16
2026-07-16,2026-07-16 20:00:00+00:00,2026-09-30,365.0,17.33,819194552,GLD   260930C00365000,0.2080766598220397,76,1.0001096010521702,0.03747362817123945,0.24034545742655178,65.89878217621073,364.96,2026-07-16
2026-07-16,2026-07-16 20:00:00+00:00,2026-09-30,374.0,12.88,819194746,GLD   260930C00374000,0.2080766598220397,76,1.0247698377904428,0.03747362817123945,0.23540396799063312,66.07350554016223,364.96,2026-07-16
2026-07-16,2026-07-16 20:00:00+00:00,2026-09-30,383.0,9.25,819194914,GLD   260930C00383000,0.2080766598220397,76,1.0494300745287155,0.03747362817123945,0.2308934394567273,62.86653610378905,364.96,2026-07-16
2026-07-16,2026-07-16 20:00:00+00:00,2026-09-30,392.0,6.6,897212458,GLD   260930C00392000,0.2080766598220397,76,1.0740903112669882,0.03747362817123945,0.23021666087759657,56.971275284206634,364.96,2026-07-16
2026-07-16,2026-07-16 20:00:00+00:00,2026-09-30,401.0,4.7,897212574,GLD   260930C00401000,0.2080766598220397,76,1.0987505480052608,0.03747362817123945,0.2318611387631856,49.611721592476016,364.96,2026-07-16
2026-07-16,2026-07-16 20:00:00+00:00,2026-09-30,420.0,2.34,819195147,GLD   260930C00420000,0.2080766598220397,76,1.150811047786059,0.03747362817123945,0.24013827023720374,34.03252083020426,364.96,2026-07-16
2026-07-16,2026-07-16 20:00:00+00:00,2026-10-16,310.0,61.15,827013643,GLD   261016C00310000,0.2518822724161533,92,0.8494081543182815,0.037623324046165876,0.3035148263613694,35.148468295584465,364.96,2026-07-16
2026-07-16,2026-07-16 20:00:00+00:00,2026-10-16,347.0,31.0,897213075,GLD   261016C00347000,0.2518822724161533,92,0.9507891275756247,0.037623324046165876,0.26066977845234807,63.71273278645622,364.96,2026-07-16
2026-07-16,2026-07-16 20:00:00+00:00,2026-10-16,356.0,24.88,897213173,GLD   261016C00356000,0.2518822724161533,92,0.9754493643138975,0.037623324046165876,0.25153757025832313,69.08309820294045,364.96,2026-07-16
2026-07-16,2026-07-16 20:00:00+00:00,2026-10-16,365.0,19.58,827014302,GLD   261016C00365000,0.2518822724161533,92,1.0001096010521702,0.037623324046165876,0.24526255601206798,72.3835856473466,364.96,2026-07-16
2026-07-16,2026-07-16 20:00:00+00:00,2026-10-16,374.0,15.03,897213395,GLD   261016C00374000,0.2518822724161533,92,1.0247698377904428,0.037623324046165876,0.2398715261603706,72.921465998455,364.96,2026-07-16
2026-07-16,2026-07-16 20:00:00+00:00,2026-10-16,383.0,11.35,897213503,GLD   261016C00383000,0.2518822724161533,92,1.0494300745287155,0.037623324046165876,0.23679484249809757,70.51726168745735,364.96,2026-07-16
2026-07-16,2026-07-16 20:00:00+00:00,2026-10-16,392.0,8.43,897213599,GLD   261016C00392000,0.2518822724161533,92,1.0740903112669882,0.037623324046165876,0.23503069205516952,65.53520607499512,364.96,2026-07-16
2026-07-16,2026-07-16 20:00:00+00:00,2026-10-16,401.0,6.23,897213686,GLD   261016C00401000,0.2518822724161533,92,1.0987505480052608,0.037623324046165876,0.2352499116915278,58.83592474971985,364.96,2026-07-16
2026-07-16,2026-07-16 20:00:00+00:00,2026-10-16,420.0,3.35,827014933,GLD   261016C00420000,0.2518822724161533,92,1.150811047786059,0.037623324046165876,0.2412217026853003,43.36976091620496,364.96,2026-07-16
2026-07-16,2026-07-16 20:00:00+00:00,2026-11-20,310.0,63.33,838421339,GLD   261120C00310000,0.34770704996577684,127,0.8494081543182815,0.037932293873084104,0.2864440063654444,45.39967686415287,364.96,2026-07-16
2026-07-16,2026-07-16 20:00:00+00:00,2026-11-20,365.0,23.35,838421927,GLD   261120C00365000,0.34770704996577684,127,1.0001096010521702,0.037932293873084104,0.24516413581082597,84.72464314821313,364.96,2026-07-16
2026-07-16,2026-07-16 20:00:00+00:00,2026-11-20,420.0,5.53,838422473,GLD   261120C00420000,0.34770704996577684,127,1.150811047786059,0.037932293873084104,0.24006549814669417,60.921198128703075,364.96,2026-07-16
2026-07-16,2026-07-16 20:00:00+00:00,2026-12-18,310.0,65.13,843266680,GLD   261218C00310000,0.4243668720054757,155,0.8494081543182815,0.03816218590653933,0.27949307033969095,53.14007105494686,364.96,2026-07-16
2026-07-16,2026-07-16 20:00:00+00:00,2026-12-18,365.0,25.88,843267244,GLD   261218C00365000,0.4243668720054757,155,1.0001096010521702,0.03816218590653933,0.24311224970007322,93.310734198092,364.96,2026-07-16
2026-07-16,2026-07-16 20:00:00+00:00,2026-12-18,420.0,7.3,843267745,GLD   261218C00420000,0.4243668720054757,155,1.150811047786059,0.03816218590653933,0.23929403389515358,73.22958675708851,364.96,2026-07-16
2026-07-16,2026-07-16 20:00:00+00:00,2026-12-31,310.0,66.53,843069519,GLD   261231C00310000,0.459958932238193,168,0.8494081543182815,0.03826397464665986,0.28701518438989304,58.32115810693538,364.96,2026-07-16
2026-07-16,2026-07-16 20:00:00+00:00,2026-12-31,365.0,27.33,843070227,GLD   261231C00365000,0.459958932238193,168,1.0001096010521702,0.03826397464665986,0.24581045143781227,97.01033407173527,364.96,2026-07-16
2026-07-16,2026-07-16 20:00:00+00:00,2026-12-31,374.0,22.53,843070578,GLD   261231C00374000,0.459958932238193,168,1.0247698377904428,0.03826397464665986,0.24012463594740258,98.66890089776992,364.96,2026-07-16
2026-07-16,2026-07-16 20:00:00+00:00,2026-12-31,383.0,18.65,843071018,GLD   261231C00383000,0.459958932238193,168,1.0494300745287155,0.03826397464665986,0.23861645439462736,98.1658029204344,364.96,2026-07-16
2026-07-16,2026-07-16 20:00:00+00:00,2026-12-31,392.0,15.52,843071386,GLD   261231C00392000,0.459958932238193,168,1.0740903112669882,0.03826397464665986,0.2397446080583148,95.70589078418942,364.96,2026-07-16
2026-07-16,2026-07-16 20:00:00+00:00,2026-12-31,401.0,12.73,843071839,GLD   261231C00401000,0.459958932238193,168,1.0987505480052608,0.03826397464665986,0.23967576607046648,91.5206980492235,364.96,2026-07-16
2026-07-16,2026-07-16 20:00:00+00:00,2026-12-31,411.0,10.13,843072326,GLD   261231C00411000,0.459958932238193,168,1.126150811047786,0.03826397464665986,0.2397264383182861,85.2932121651844,364.96,2026-07-16
2026-07-16,2026-07-16 20:00:00+00:00,2026-12-31,420.0,8.15,843072784,GLD   261231C00420000,0.459958932238193,168,1.150811047786059,0.03826397464665986,0.2393580424155109,78.59002049464378,364.96,2026-07-16
2026-07-16,2026-07-16 20:00:00+00:00,2026-12-31,429.0,6.78,843073266,GLD   261231C00429000,0.459958932238193,168,1.1754712845243316,0.03826397464665986,0.2428528675809503,72.14060342954367,364.96,2026-07-16
2026-07-16,2026-07-16 20:00:00+00:00,2026-12-31,437.0,5.75,843073649,GLD   261231C00437000,0.459958932238193,168,1.1973914949583517,0.03826397464665986,0.24577700831303373,66.3454173651575,364.96,2026-07-16
2026-07-16,2026-07-16 20:00:00+00:00,2027-01-15,292.0,82.13,762984389,GLD   270115C00292000,0.5010266940451745,183,0.8000876808417361,0.03837767855280876,0.28429752305615696,44.01137979981766,364.96,2026-07-16
2026-07-16,2026-07-16 20:00:00+00:00,2027-01-15,301.0,74.45,776884556,GLD   270115C00301000,0.5010266940451745,183,0.8247479175800088,0.03837767855280876,0.28056523401001476,52.20286042016761,364.96,2026-07-16
2026-07-16,2026-07-16 20:00:00+00:00,2027-01-15,310.0,66.82,731137248,GLD   270115C00310000,0.5010266940451745,183,0.8494081543182815,0.03837767855280876,0.27324511047312994,60.00955088933396,364.96,2026-07-16
2026-07-16,2026-07-16 20:00:00+00:00,2027-01-15,319.0,59.38,776885082,GLD   270115C00319000,0.5010266940451745,183,0.8740683910565542,0.03837767855280876,0.265146184009593,67.90435013764782,364.96,2026-07-16
2026-07-16,2026-07-16 20:00:00+00:00,2027-01-15,328.0,52.35,776885310,GLD   270115C00328000,0.5010266940451745,183,0.8987286277948269,0.03837767855280876,0.2589263681483456,76.0791202331916,364.96,2026-07-16
2026-07-16,2026-07-16 20:00:00+00:00,2027-01-15,338.0,45.05,811875095,GLD   270115C00338000,0.5010266940451745,183,0.9261288908373521,0.03837767855280876,0.2533700690980071,84.7850843564934,364.96,2026-07-16
2026-07-16,2026-07-16 20:00:00+00:00,2027-01-15,347.0,38.92,811875499,GLD   270115C00347000,0.5010266940451745,183,0.9507891275756247,0.03837767855280876,0.24861355525227263,91.66739072234063,364.96,2026-07-16
2026-07-16,2026-07-16 20:00:00+00:00,2027-01-15,356.0,33.35,811875903,GLD   270115C00356000,0.5010266940451745,183,0.9754493643138975,0.03837767855280876,0.24515593102304264,97.24403764721048,364.96,2026-07-16
2026-07-16,2026-07-16 20:00:00+00:00,2027-01-15,365.0,28.3,731137762,GLD   270115C00365000,0.5010266940451745,183,1.0001096010521702,0.03837767855280876,0.24217088301274928,101.07361983659874,364.96,2026-07-16
2026-07-16,2026-07-16 20:00:00+00:00,2027-01-15,420.0,8.98,772352864,GLD   270115C00420000,0.5010266940451745,183,1.150811047786059,0.03837767855280876,0.23766310648201033,84.1571072946579,364.96,2026-07-16
2026-07-16,2026-07-16 20:00:00+00:00,2027-03-19,310.0,70.47,848877267,GLD   270319C00310000,0.6735112936344969,246,0.8494081543182815,0.03881418545067471,0.26350055130710826,73.64991421767006,364.96,2026-07-16
2026-07-16,2026-07-16 20:00:00+00:00,2027-03-19,365.0,33.48,848877783,GLD   270319C00365000,0.6735112936344969,246,1.0001096010521702,0.03881418545067471,0.24242401608238,116.36126546923067,364.96,2026-07-16
2026-07-16,2026-07-16 20:00:00+00:00,2027-03-19,420.0,13.0,848878345,GLD   270319C00420000,0.6735112936344969,246,1.150811047786059,0.03881418545067471,0.23795743578178807,106.08696288048326,364.96,2026-07-16
2026-07-16,2026-07-16 20:00:00+00:00,2027-03-31,310.0,71.9,870310614,GLD   270331C00310000,0.7063655030800822,258,0.8494081543182815,0.038890288675582876,0.27189986054608606,78.02438577060335,364.96,2026-07-16
2026-07-16,2026-07-16 20:00:00+00:00,2027-03-31,365.0,34.08,870310821,GLD   270331C00365000,0.7063655030800822,258,1.0001096010521702,0.038890288675582876,0.2397223312678747,118.99268610036492,364.96,2026-07-16
2026-07-16,2026-07-16 20:00:00+00:00,2027-03-31,383.0,25.98,870310971,GLD   270331C00383000,0.7063655030800822,258,1.0494300745287155,0.038890288675582876,0.24022843908546493,122.3683899309362,364.96,2026-07-16
2026-07-16,2026-07-16 20:00:00+00:00,2027-03-31,392.0,22.4,870311204,GLD   270331C00392000,0.7063655030800822,258,1.0740903112669882,0.038890288675582876,0.2393648874995299,121.51759708474124,364.96,2026-07-16
2026-07-16,2026-07-16 20:00:00+00:00,2027-03-31,401.0,19.27,870311424,GLD   270331C00401000,0.7063655030800822,258,1.0987505480052608,0.038890288675582876,0.23907732877945526,119.13322795572817,364.96,2026-07-16
2026-07-16,2026-07-16 20:00:00+00:00,2027-03-31,411.0,16.3,870311659,GLD   270331C00411000,0.7063655030800822,258,1.126150811047786,0.038890288675582876,0.23954270136235284,114.97693716975837,364.96,2026-07-16
2026-07-16,2026-07-16 20:00:00+00:00,2027-03-31,420.0,13.55,870311879,GLD   270331C00420000,0.7063655030800822,258,1.150811047786059,0.038890288675582876,0.2361553440160118,109.56884829225379,364.96,2026-07-16
2026-07-16,2026-07-16 20:00:00+00:00,2027-03-31,429.0,12.1,870312100,GLD   270331C00429000,0.7063655030800822,258,1.1754712845243316,0.038890288675582876,0.2420061865660362,104.72146914149268,364.96,2026-07-16
2026-07-16,2026-07-16 20:00:00+00:00,2027-03-31,437.0,10.63,870312287,GLD   270331C00437000,0.7063655030800822,258,1.1973914949583517,0.038890288675582876,0.2436543244761415,99.50513822609315,364.96,2026-07-16
2026-07-16,2026-07-16 20:00:00+00:00,2027-06-17,310.0,75.68,800378758,GLD   270617C00310000,0.919917864476386,336,0.8494081543182815,0.03933589767547162,0.2582340740454384,90.7099465628883,364.96,2026-07-16
2026-07-16,2026-07-16 20:00:00+00:00,2027-06-17,365.0,40.95,800379210,GLD   270617C00365000,0.919917864476386,336,1.0001096010521702,0.03933589767547162,0.24917142494330186,134.63166582297092,364.96,2026-07-16
2026-07-16,2026-07-16 20:00:00+00:00,2027-06-17,420.0,18.6,800379764,GLD   270617C00420000,0.919917864476386,336,1.150811047786059,0.03933589767547162,0.2387705572589301,131.76556750669346,364.96,2026-07-16
2026-07-16,2026-07-16 20:00:00+00:00,2027-06-30,310.0,76.22,897587699,GLD   270630C00310000,0.9555099247091033,349,0.8494081543182815,0.03940251282834188,0.25566383347017696,92.46712605221511,364.96,2026-07-16
2026-07-16,2026-07-16 20:00:00+00:00,2027-06-30,338.0,56.58,897588260,GLD   270630C00338000,0.9555099247091033,349,0.9261288908373521,0.03940251282834188,0.24741921381698923,119.3108361913079,364.96,2026-07-16
2026-07-16,2026-07-16 20:00:00+00:00,2027-06-30,347.0,50.73,897588508,GLD   270630C00347000,0.9555099247091033,349,0.9507891275756247,0.03940251282834188,0.24343895112508912,126.26794765420128,364.96,2026-07-16
2026-07-16,2026-07-16 20:00:00+00:00,2027-06-30,356.0,45.55,897588922,GLD   270630C00356000,0.9555099247091033,349,0.9754493643138975,0.03940251282834188,0.24216248730765655,132.2869116552466,364.96,2026-07-16
2026-07-16,2026-07-16 20:00:00+00:00,2027-06-30,365.0,40.58,897589208,GLD   270630C00365000,0.9555099247091033,349,1.0001096010521702,0.03940251282834188,0.2398539338287898,136.95257611296782,364.96,2026-07-16
2026-07-16,2026-07-16 20:00:00+00:00,2027-06-30,374.0,36.05,897589580,GLD   270630C00374000,0.9555099247091033,349,1.0247698377904428,0.03940251282834188,0.23822542780591177,140.20744006407472,364.96,2026-07-16
2026-07-16,2026-07-16 20:00:00+00:00,2027-06-30,383.0,32.0,897590091,GLD   270630C00383000,0.9555099247091033,349,1.0494300745287155,0.03940251282834188,0.23752499410649763,141.9695816731341,364.96,2026-07-16
2026-07-16,2026-07-16 20:00:00+00:00,2027-06-30,392.0,28.4,897590644,GLD   270630C00392000,0.9555099247091033,349,1.0740903112669882,0.03940251282834188,0.23757140098223462,142.26021054822976,364.96,2026-07-16
2026-07-16,2026-07-16 20:00:00+00:00,2027-06-30,401.0,25.03,897591201,GLD   270630C00401000,0.9555099247091033,349,1.0987505480052608,0.03940251282834188,0.23690846157977358,141.15585311179913,364.96,2026-07-16
2026-07-16,2026-07-16 20:00:00+00:00,2027-06-30,420.0,19.45,897591811,GLD   270630C00420000,0.9555099247091033,349,1.150811047786059,0.03940251282834188,0.23933048513168476,135.10939961417336,364.96,2026-07-16
2026-07-16,2026-07-16 20:00:00+00:00,2027-09-17,310.0,80.63,887869560,GLD   270917C00310000,1.1718001368925393,428,0.8494081543182815,0.03976603671882574,0.25432032508151614,105.143219458492,364.96,2026-07-16
2026-07-16,2026-07-16 20:00:00+00:00,2027-09-17,365.0,46.43,887870182,GLD   270917C00365000,1.1718001368925393,428,1.0001096010521702,0.03976603671882574,0.24460697391079744,150.309946729892,364.96,2026-07-16
2026-07-16,2026-07-16 20:00:00+00:00,2027-09-17,420.0,23.98,887870740,GLD   270917C00420000,1.1718001368925393,428,1.150811047786059,0.03976603671882574,0.23885127337211748,153.36101721050906,364.96,2026-07-16
2026-07-16,2026-07-16 20:00:00+00:00,2028-01-21,310.0,87.18,814295147,GLD   280121C00310000,1.516769336071184,554,0.8494081543182815,0.0402217948025207,0.25235836567999803,122.08467578692618,364.96,2026-07-16
2026-07-16,2026-07-16 20:00:00+00:00,2028-01-21,365.0,54.5,814295739,GLD   280121C00365000,1.516769336071184,554,1.0001096010521702,0.0402217948025207,0.24731831634724516,168.5290738764148,364.96,2026-07-16
2026-07-16,2026-07-16 20:00:00+00:00,2028-01-21,420.0,30.95,816976318,GLD   280121C00420000,1.516769336071184,554,1.150811047786059,0.0402217948025207,0.23886449788818137,177.9626813167721,364.96,2026-07-16
2026-07-16,2026-07-16 20:00:00+00:00,2028-06-16,310.0,94.43,851891433,GLD   280616C00310000,1.919233401779603,701,0.8494081543182815,0.040608740729563705,0.25182729891659694,138.6729359215876,364.96,2026-07-16
2026-07-16,2026-07-16 20:00:00+00:00,2028-06-16,365.0,61.8,852304389,GLD   280616C00365000,1.919233401779603,701,1.0001096010521702,0.040608740729563705,0.24268846915150066,186.22872528211923,364.96,2026-07-16
2026-07-16,2026-07-16 20:00:00+00:00,2028-06-16,420.0,39.05,851891902,GLD   280616C00420000,1.919233401779603,701,1.150811047786059,0.040608740729563705,0.24106062435442582,201.66480181057545,364.96,2026-07-16
